id,title,GW,xG,xGA,npxG,npxGA,att,def,att,def,deep,deep_allowed,GF,GA,xpts,wins,draws,loses,pts,npxGD
138,Sevilla,1,2.40044,0.145879,2.40044,0.145879,256,23,327,29,6,0,2,0,2.9074,1,0,0,3,2.2545610000000003,
,Sevilla,2,1.39211,0.428332,1.39211,0.428332,181,24,238,21,3,6,1,0,2.271,1,0,0,3,0.963778,
,Sevilla,3,1.50787,0.454026,1.50787,0.454026,190,33,283,19,10,2,1,1,2.2085999999999997,0,1,0,1,1.053844,
,Sevilla,4,1.091,0.773661,1.091,0.773661,176,20,335,30,13,1,1,0,1.5700999999999998,1,0,0,3,0.3173389999999999,
,Sevilla,5,0.394624,1.23916,0.394624,1.23916,232,26,303,29,1,9,0,1,0.5596000000000001,0,0,1,0,-0.8445360000000001,
,Sevilla,6,1.3532,1.69937,1.3532,0.956094,205,23,322,33,5,6,2,3,1.0274,0,0,1,0,0.39710599999999996,
,Sevilla,7,1.60195,0.774246,1.60195,0.774246,277,17,268,18,17,4,3,2,2.018,1,0,0,3,0.827704,
,Sevilla,8,3.03653,2.40324,3.03653,2.40324,343,30,242,23,8,5,0,4,1.7977,0,0,1,0,0.6332900000000001,
,Sevilla,9,2.58436,0.459674,2.58436,0.459674,155,32,239,18,8,2,1,0,2.7327,1,0,0,3,2.124686,
,Sevilla,10,2.14059,0.62652,2.14059,0.62652,108,28,284,37,4,4,2,0,2.5833,1,0,0,3,1.51407,
,Sevilla,11,0.46703,1.0283,0.46703,1.0283,250,30,275,13,4,4,1,1,0.7865,0,1,0,1,-0.5612699999999999,
,Sevilla,12,0.888419,2.45211,0.888419,1.69342,209,33,314,32,3,9,1,1,0.3029,0,1,0,1,-0.805001,
,Sevilla,13,0.993088,1.56474,0.993088,1.56474,255,26,205,20,2,5,2,1,0.8618,1,0,0,3,-0.571652,
,Sevilla,14,1.11673,0.363545,0.373453,0.363545,197,25,264,34,7,4,1,0,2.2056000000000004,1,0,0,3,0.009907999999999972,
,Sevilla,15,2.44081,1.05322,2.44081,1.05322,183,21,361,18,3,5,1,0,2.3648000000000002,1,0,0,3,1.3875899999999999,
,Sevilla,16,1.46737,0.661362,1.46737,0.661362,154,18,288,34,5,2,1,1,2.0426,0,1,0,1,0.8060080000000001,
,Sevilla,17,1.73952,1.62777,1.73952,1.62777,138,25,338,11,12,4,1,2,1.4414999999999998,0,0,1,0,0.11175000000000002,
,Sevilla,18,1.80841,0.788281,1.06514,0.788281,139,24,296,41,7,5,2,0,2.2218999999999998,1,0,0,3,0.27685899999999997,
,Sevilla,19,1.07523,0.237728,1.07523,0.237728,174,19,323,30,5,1,1,1,2.2106999999999997,0,1,0,1,0.837502,
,Sevilla,20,0.373928,1.37156,0.373928,1.37156,288,19,319,35,3,7,1,2,0.4945,0,0,1,0,-0.9976319999999999,
,Sevilla,21,0.807577,0.475664,0.807577,0.475664,189,22,298,40,7,1,2,0,1.6303,1,0,0,3,0.331913,
,Sevilla,22,1.64919,0.984092,0.90604,0.984092,94,28,387,20,8,1,1,1,1.9048,0,1,0,1,-0.07805200000000001,
,Sevilla,23,1.13918,1.38338,1.13918,1.38338,220,28,307,33,5,9,1,2,1.1665,0,0,1,0,-0.24419999999999997,
,Sevilla,24,1.65914,0.622409,1.65914,0.622409,97,31,287,22,12,2,2,2,2.1931,0,1,0,1,1.036731,
,Sevilla,25,2.82001,0.460518,2.82001,0.460518,132,27,164,27,7,4,3,0,2.8891,1,0,0,3,2.359492,
,Sevilla,26,1.64954,1.80118,1.64954,1.0579,99,17,271,31,8,3,3,2,1.2242000000000002,1,0,0,3,0.5916399999999999,
,Sevilla,27,1.61538,2.04826,0.872107,1.30498,190,24,278,31,4,4,2,2,1.0544,0,1,0,1,-0.43287300000000006,
,Sevilla,28,2.11983,0.481345,1.37668,0.481345,307,25,208,26,8,6,2,0,2.6252999999999997,1,0,0,3,0.8953349999999999,
,Sevilla,29,1.06949,0.807331,1.06949,0.807331,231,23,351,27,1,5,1,1,1.592,0,1,0,1,0.26215900000000003,
,Sevilla,30,0.824926,0.741303,0.824926,0.741303,345,14,240,16,0,6,0,0,1.4342000000000001,0,1,0,1,0.083623,
,Sevilla,31,1.2636,1.08857,1.2636,1.08857,229,38,329,23,6,7,2,2,1.4746,0,1,0,1,0.17503000000000002,
,Sevilla,32,1.59745,0.583726,0.854169,0.583726,110,21,391,22,7,1,1,1,2.2542,0,1,0,1,0.270443,
,Sevilla,33,0.710464,0.756658,0.710464,0.756658,227,23,334,33,3,2,3,0,1.2427,1,0,0,3,-0.04619400000000007,
,Sevilla,34,1.29481,1.16838,1.29481,1.16838,111,17,356,36,4,3,1,0,1.4676,1,0,0,3,0.12643000000000004,
,Sevilla,35,1.80682,1.6153,1.80682,1.6153,135,14,313,24,8,1,2,1,1.5045,1,0,0,3,0.19152000000000013,
,Sevilla,36,1.91225,0.309223,1.16897,0.309223,186,29,327,19,8,2,2,0,2.6439000000000004,1,0,0,3,0.859747,
,Sevilla,37,0.611057,0.835797,0.611057,0.835797,197,31,362,32,6,4,0,0,1.0887,0,1,0,1,-0.22474000000000005,
,Sevilla,38,0.731583,0.301441,0.731583,0.301441,182,22,327,12,10,2,1,0,1.7063,1,0,0,3,0.43014199999999997,


140,Real Sociedad,1,1.79528,2.31396,1.05213,1.57068,189,26,366,20,6,7,1,1,0.9553,0,1,0,1,-0.5185500000000001,
,Real Sociedad,2,1.59382,0.871995,1.59382,0.871995,139,17,351,21,7,6,1,0,1.9997000000000003,1,0,0,3,0.721825,
,Real Sociedad,3,0.217717,1.16451,0.217717,1.16451,149,18,318,35,5,5,0,2,0.4546,0,0,1,0,-0.946793,
,Real Sociedad,4,2.08851,1.06745,2.08851,1.06745,201,21,273,19,6,14,2,0,2.1774,1,0,0,3,1.0210599999999999,
,Real Sociedad,5,1.49572,0.701868,1.49572,0.701868,292,25,188,19,8,10,3,1,2.0612,1,0,0,3,0.7938519999999999,
,Real Sociedad,6,3.80899,0.195935,2.32244,0.195935,213,23,278,22,11,1,3,0,2.9697,1,0,0,3,2.126505,
,Real Sociedad,7,0.774246,1.60195,0.774246,1.60195,268,18,277,17,4,17,2,3,0.7241000000000001,0,0,1,0,-0.827704,
,Real Sociedad,8,0.770489,0.86893,0.770489,0.86893,94,21,149,24,2,3,1,2,1.2338,0,0,1,0,-0.098441,
,Real Sociedad,9,1.32948,0.63684,1.32948,0.63684,220,33,219,20,11,5,3,1,1.9535999999999998,1,0,0,3,0.69264,
,Real Sociedad,10,0.967791,0.846315,0.967791,0.846315,142,15,232,21,4,1,1,0,1.4305999999999999,1,0,0,3,0.12147599999999992,
,Real Sociedad,11,1.71528,2.03092,1.71528,2.03092,137,23,297,27,12,7,1,2,1.1888,0,0,1,0,-0.31564000000000014,
,Real Sociedad,12,1.02564,0.163677,1.02564,0.163677,128,24,285,20,5,1,2,1,2.1941,1,0,0,3,0.8619630000000001,
,Real Sociedad,13,1.19357,0.326909,1.19357,0.326909,92,22,288,28,3,1,1,1,2.2131000000000003,0,1,0,1,0.866661,
,Real Sociedad,14,1.41126,1.69928,1.41126,1.69928,269,23,283,28,4,9,1,3,1.1494,0,0,1,0,-0.28801999999999994,
,Real Sociedad,15,1.39065,0.605108,1.39065,0.605108,127,17,334,33,8,2,4,1,2.0296,1,0,0,3,0.785542,
,Real Sociedad,16,1.87222,0.509978,1.87222,0.509978,136,32,327,25,12,1,0,0,2.4303,0,1,0,1,1.362242,
,Real Sociedad,17,2.87892,1.18314,2.13564,1.18314,285,21,333,26,9,9,2,2,2.5177,0,1,0,1,0.9524999999999999,
,Real Sociedad,18,2.29198,3.10563,2.29198,3.10563,140,14,224,20,10,13,4,3,0.9037999999999999,1,0,0,3,-0.81365,
,Real Sociedad,19,1.01062,1.29087,1.01062,0.547717,194,23,328,30,9,12,1,2,1.0516999999999999,0,0,1,0,0.46290300000000006,
,Real Sociedad,20,0.281591,2.26225,0.281591,2.26225,225,26,303,27,8,9,0,3,0.16949999999999998,0,0,1,0,-1.980659,
,Real Sociedad,21,2.6866,0.885045,2.6866,0.885045,157,32,391,21,9,2,3,0,2.5945,1,0,0,3,1.801555,
,Real Sociedad,22,0.108866,1.42,0.108866,1.42,144,26,262,36,1,8,1,2,0.2601,0,0,1,0,-1.311134,
,Real Sociedad,23,2.27376,0.643736,2.27376,0.643736,133,34,290,40,13,1,2,1,2.5717,1,0,0,3,1.6300239999999997,
,Real Sociedad,24,2.3988,0.25727,2.3988,0.25727,277,39,237,23,5,3,3,0,2.7836,1,0,0,3,2.14153,
,Real Sociedad,25,2.56307,0.86626,2.56307,0.86626,188,27,244,15,10,0,1,0,2.5536,1,0,0,3,1.6968100000000002,
,Real Sociedad,26,0.550322,2.2099,0.550322,1.46662,288,19,267,29,6,11,0,1,0.2972,0,0,1,0,-0.9162980000000001,
,Real Sociedad,27,1.30335,1.84648,0.560202,0.359928,236,15,180,18,2,3,2,1,0.8052999999999999,1,0,0,3,0.20027399999999995,
,Real Sociedad,28,0.89714,1.1455,0.89714,0.402225,146,13,420,24,5,4,1,1,1.0565,0,1,0,1,0.49491500000000005,
,Real Sociedad,29,0.318266,1.52088,0.318266,1.52088,82,18,276,37,2,4,0,2,0.36260000000000003,0,0,1,0,-1.202614,
,Real Sociedad,30,0.482127,1.30503,0.482127,0.561749,325,29,320,25,1,4,1,2,0.558,0,0,1,0,-0.07962200000000008,
,Real Sociedad,31,0.628775,0.848154,0.628775,0.104876,175,28,268,24,6,0,0,1,0.9755,0,0,1,0,0.523899,
,Real Sociedad,32,0.731053,1.3901,0.731053,0.647472,101,14,210,31,5,2,1,2,0.7178,0,0,1,0,0.0835809999999999,
,Real Sociedad,33,1.38838,0.11827,1.38838,0.11827,200,30,354,24,3,0,2,1,2.5077000000000003,1,0,0,3,1.2701099999999999,
,Real Sociedad,34,1.06365,1.19147,1.06365,1.19147,243,18,271,27,2,1,1,1,1.1894,0,1,0,1,-0.12782000000000004,
,Real Sociedad,35,1.18927,0.312385,1.18927,0.312385,84,26,281,20,4,1,2,3,2.1022,0,0,1,0,0.876885,
,Real Sociedad,36,1.24702,0.365973,1.24702,0.365973,298,21,240,20,9,3,2,1,2.1479,1,0,0,3,0.881047,
,Real Sociedad,37,0.835797,0.611057,0.835797,0.611057,362,32,197,31,4,6,0,0,1.5395999999999999,0,1,0,1,0.22474000000000005,
,Real Sociedad,38,0.335651,1.50008,0.335651,1.50008,236,22,333,16,0,6,1,1,0.3471,0,1,0,1,-1.1644290000000002,


141,Espanyol,1,0.145879,2.40044,0.145879,2.40044,327,29,256,23,0,6,0,2,0.0532,0,0,1,0,-2.2545610000000003,
,Espanyol,2,0.159461,0.675919,0.159461,0.675919,157,18,401,27,1,5,0,0,0.7070000000000001,0,1,0,1,-0.5164580000000001,
,Espanyol,3,1.34324,1.58505,1.34324,1.58505,142,9,354,24,10,4,0,3,1.1576,0,0,1,0,-0.24181000000000008,
,Espanyol,4,1.64516,0.567742,1.64516,0.567742,171,19,129,15,3,3,2,1,2.4469,1,0,0,3,1.077418,
,Espanyol,5,0.701868,1.49572,0.701868,1.49572,188,19,292,25,10,8,1,3,0.6866,0,0,1,0,-0.7938519999999999,
,Espanyol,6,1.50653,1.1247,1.50653,1.1247,380,25,235,27,7,9,1,1,1.6743999999999999,0,1,0,1,0.3818299999999999,
,Espanyol,7,0.947178,2.13178,0.947178,1.38863,176,30,269,20,9,6,0,2,0.5236,0,0,1,0,-0.44145200000000007,
,Espanyol,8,0.731578,1.02963,0.731578,1.02963,190,28,402,21,5,1,0,2,0.9952,0,0,1,0,-0.2980520000000001,
,Espanyol,9,0.746222,1.64809,0.746222,1.64809,217,31,188,19,6,3,0,1,0.6035999999999999,0,0,1,0,-0.901868,
,Espanyol,10,0.928166,0.331551,0.928166,0.331551,212,36,186,20,1,1,1,0,1.9112999999999998,1,0,0,3,0.5966150000000001,
,Espanyol,11,0.561641,0.410171,0.561641,0.410171,195,41,257,26,3,4,0,3,1.4473,0,0,1,0,0.15146999999999994,
,Espanyol,12,1.27932,1.9466,0.536044,1.20332,256,30,164,19,7,5,1,2,0.7899999999999999,0,0,1,0,-0.667276,
,Espanyol,13,0.379993,3.05161,0.379993,3.05161,159,37,212,26,7,11,1,3,0.06720000000000001,0,0,1,0,-2.6716170000000004,
,Espanyol,14,1.12432,0.773228,1.12432,0.773228,97,31,198,26,0,2,1,1,1.685,0,1,0,1,0.35109199999999996,
,Espanyol,15,1.55803,3.03712,0.814756,2.29384,176,28,228,21,3,4,2,4,0.4422,0,0,1,0,-1.4790839999999998,
,Espanyol,16,0.286726,2.55366,0.286726,2.55366,274,25,181,19,3,8,0,2,0.1164,0,0,1,0,-2.266934,
,Espanyol,17,1.58859,0.502557,1.58859,0.502557,228,43,123,15,3,4,2,2,2.3419000000000003,0,1,0,1,1.086033,
,Espanyol,18,0.649033,0.84514,0.649033,0.84514,88,23,188,22,4,2,0,2,1.1194000000000002,0,0,1,0,-0.19610700000000003,
,Espanyol,19,0.730874,2.3097,0.730874,2.3097,432,29,149,18,1,10,2,2,0.36819999999999997,0,1,0,1,-1.5788259999999998,
,Espanyol,20,2.04252,2.23006,2.04252,1.48678,304,22,123,28,4,8,2,1,1.2261,1,0,0,3,0.5557400000000001,
,Espanyol,21,0.552668,0.660786,0.552668,0.660786,187,18,188,20,7,6,1,1,1.1821,0,1,0,1,-0.10811799999999994,
,Espanyol,22,2.69997,0.875651,1.9567,0.875651,140,24,172,31,3,4,1,2,2.6132,0,0,1,0,1.0810490000000001,
,Espanyol,23,1.81523,0.669911,1.81523,0.669911,279,44,160,21,6,2,1,0,2.2823,1,0,0,3,1.1453189999999998,
,Espanyol,24,0.622409,1.65914,0.622409,1.65914,287,22,97,31,2,12,2,2,0.5659,0,1,0,1,-1.036731,
,Espanyol,25,1.26303,1.14839,0.519748,1.14839,220,20,108,8,1,3,1,2,1.4846,0,0,1,0,-0.628642,
,Espanyol,26,1.29128,0.761475,1.29128,0.761475,248,26,118,24,3,6,1,1,1.8307000000000002,0,1,0,1,0.529805,
,Espanyol,27,0.174034,2.2865,0.174034,1.54322,147,24,144,27,4,6,0,1,0.102,0,0,1,0,-1.369186,
,Espanyol,28,2.01521,0.0516535,2.01521,0.0516535,116,25,325,20,3,1,2,0,2.809,1,0,0,3,1.9635565000000001,
,Espanyol,29,0.786529,2.00352,0.786529,2.00352,225,20,78,15,4,10,0,0,0.5236999999999999,0,1,0,1,-1.216991,
,Espanyol,30,0.491778,2.56766,0.491778,2.56766,249,27,168,13,3,4,1,3,0.18330000000000002,0,0,1,0,-2.075882,
,Espanyol,31,1.12604,1.07378,1.12604,1.07378,265,20,123,26,2,5,0,1,1.4146999999999998,0,0,1,0,0.05225999999999997,
,Espanyol,32,1.00521,2.41536,1.00521,2.41536,371,25,189,24,4,5,0,1,0.3801,0,0,1,0,-1.4101500000000002,
,Espanyol,33,0.11827,1.38838,0.11827,1.38838,354,24,200,30,0,3,1,2,0.2817,0,0,1,0,-1.2701099999999999,
,Espanyol,34,0.705114,0.423597,0.705114,0.423597,167,32,369,26,2,3,0,1,1.6286,0,0,1,0,0.281517,
,Espanyol,35,0.830636,0.897655,0.830636,0.897655,399,14,146,13,2,10,0,1,1.2430999999999999,0,0,1,0,-0.06701899999999994,
,Espanyol,36,0.884621,2.0596,0.884621,0.412639,78,15,331,27,5,1,0,2,0.43960000000000005,0,0,1,0,0.471982,
,Espanyol,37,1.20165,1.24164,1.20165,1.24164,262,31,239,9,9,4,0,1,1.297,0,0,1,0,-0.03998999999999997,
,Espanyol,38,0.362807,0.444157,0.362807,0.444157,239,24,243,26,1,2,0,0,1.1343,0,1,0,1,-0.08135000000000003,


142,Getafe,1,0.333556,2.44678,0.333556,1.7035,243,21,131,19,2,5,0,1,0.0974,0,0,1,0,-1.369944,
,Getafe,2,0.265811,0.454246,0.265811,0.454246,196,28,103,19,4,2,1,1,0.9780000000000001,0,1,0,1,-0.18843499999999996,
,Getafe,3,0.972134,1.01227,0.972134,1.01227,134,24,186,16,7,3,1,1,1.1427,0,1,0,1,-0.04013599999999995,
,Getafe,4,1.49492,1.00209,0.751644,0.258813,240,39,80,13,8,1,1,1,1.7656999999999998,0,1,0,1,0.49283099999999996,
,Getafe,5,2.70951,0.726341,1.96624,0.726341,137,20,93,18,13,1,4,2,2.6895,1,0,0,3,1.2398989999999999,
,Getafe,6,2.65542,1.67819,2.65542,1.67819,275,38,80,16,8,4,3,3,2.0606999999999998,0,1,0,1,0.9772299999999998,
,Getafe,7,1.0808,1.3084,1.0808,1.3084,271,34,113,20,7,3,0,2,1.1536,0,0,1,0,-0.22760000000000002,
,Getafe,8,0.86893,0.770489,0.86893,0.770489,149,24,94,21,3,2,2,1,1.4018,1,0,0,3,0.098441,
,Getafe,9,1.0435,0.372249,1.0435,0.372249,151,36,126,22,1,5,2,0,2.0715,1,0,0,3,0.671251,
,Getafe,10,0.62652,2.14059,0.62652,2.14059,284,37,108,28,4,4,0,2,0.2742,0,0,1,0,-1.51407,
,Getafe,11,1.1273,1.91693,1.1273,1.91693,181,24,125,17,2,3,3,1,0.6429,1,0,0,3,-0.78963,
,Getafe,12,0.389551,0.133684,0.389551,0.133684,234,32,93,12,5,3,1,0,1.5154,1,0,0,3,0.25586699999999996,
,Getafe,13,1.06639,0.065756,1.06639,0.065756,125,27,135,17,2,2,0,0,2.4371,0,1,0,1,1.000634,
,Getafe,14,0.773228,1.12432,0.773228,1.12432,198,26,97,31,2,0,1,1,0.9652999999999999,0,1,0,1,-0.35109199999999996,
,Getafe,15,2.05726,0.476355,1.31411,0.476355,280,42,81,14,5,2,4,0,2.5875,1,0,0,3,0.8377549999999999,
,Getafe,16,0.913932,0.267821,0.913932,0.267821,116,20,84,24,2,4,1,0,2.0262,1,0,0,3,0.646111,
,Getafe,17,1.88065,0.435816,1.88065,0.435816,227,38,136,18,9,1,2,0,2.5168,1,0,0,3,1.444834,
,Getafe,18,0.646333,2.63083,0.646333,2.63083,299,25,100,14,0,5,0,1,0.16599999999999998,0,0,1,0,-1.984497,
,Getafe,19,1.26627,2.09016,1.26627,2.09016,255,31,110,16,3,3,0,3,0.7852,0,0,1,0,-0.82389,
,Getafe,20,1.96098,0.280841,1.96098,0.280841,202,27,78,22,3,3,3,0,2.7059,1,0,0,3,1.680139,
,Getafe,21,1.45193,1.33797,0.708651,1.33797,229,22,67,9,4,4,1,0,1.4684,1,0,0,3,-0.6293190000000001,
,Getafe,22,2.25172,0.734487,1.50845,0.734487,318,26,64,11,3,6,2,0,2.4957000000000003,1,0,0,3,0.7739630000000001,
,Getafe,23,3.27894,0.257146,3.27894,0.257146,212,29,134,18,16,3,3,0,2.9334,1,0,0,3,3.021794,
,Getafe,24,1.18616,1.87978,1.18616,1.87978,458,59,75,14,3,5,1,2,0.8564,0,0,1,0,-0.6936199999999999,
,Getafe,25,0.460518,2.82001,0.460518,2.82001,164,27,132,27,4,7,0,3,0.0685,0,0,1,0,-2.359492,
,Getafe,26,0.913015,0.0726554,0.913015,0.0726554,191,44,134,21,2,1,1,0,2.2016,1,0,0,3,0.8403596,
,Getafe,27,1.15002,0.156144,1.15002,0.156144,185,36,177,19,4,1,0,0,2.2872,0,1,0,1,0.993876,
,Getafe,28,0.786113,2.17942,0.786113,2.17942,147,24,89,23,5,1,1,2,0.2992,0,0,1,0,-1.393307,
,Getafe,29,2.00352,0.786529,2.00352,0.786529,78,15,225,20,10,4,0,0,2.2688,0,1,0,1,1.216991,
,Getafe,30,0.820376,0.816384,0.820376,0.816384,77,20,105,17,5,3,1,1,1.3092,0,1,0,1,0.0039919999999999956,
,Getafe,31,0.675045,1.08861,0.675045,0.345592,112,21,137,12,5,2,1,1,0.8525,0,1,0,1,0.329453,
,Getafe,32,1.3901,0.731053,0.647472,0.731053,210,31,101,14,2,5,2,1,1.9838,1,0,0,3,-0.0835809999999999,
,Getafe,33,0.35097,1.75594,0.35097,1.01267,361,45,94,22,1,3,0,1,0.2781,0,0,1,0,-0.6617,
,Getafe,34,0.293418,0.667423,0.293418,0.667423,144,35,135,24,1,3,0,0,0.8099000000000001,0,1,0,1,-0.374005,
,Getafe,35,0.580238,1.95451,0.580238,0.467957,280,35,93,15,2,2,1,3,0.2968,0,0,1,0,0.11228100000000002,
,Getafe,36,0.596646,0.118514,0.596646,0.118514,117,28,101,28,8,2,0,0,1.7843,0,1,0,1,0.478132,
,Getafe,37,1.13873,1.74341,1.13873,1.74341,336,32,123,19,3,8,0,2,0.8652,0,0,1,0,-0.6046799999999999,
,Getafe,38,1.73078,2.58924,0.885053,2.58924,238,33,105,17,8,3,0,1,0.7454,0,0,1,0,-1.7041870000000001,


143,Atletico Madrid,1,2.44678,0.333556,1.7035,0.333556,131,19,243,21,5,2,1,0,2.8418,1,0,0,3,1.369944,
,Atletico Madrid,2,1.39426,0.379878,1.39426,0.379878,144,14,293,27,7,10,1,0,2.2734,1,0,0,3,1.0143820000000001,
,Atletico Madrid,3,1.8114,0.847966,1.8114,0.847966,156,21,261,25,7,3,3,2,2.2272000000000003,1,0,0,3,0.9634339999999999,
,Atletico Madrid,4,1.06745,2.08851,1.06745,2.08851,273,19,201,21,14,6,0,2,0.6084,0,0,1,0,-1.0210599999999999,
,Atletico Madrid,5,1.71994,0.582564,1.71994,0.582564,247,27,215,12,10,3,0,0,2.3053999999999997,0,1,0,1,1.1373760000000002,
,Atletico Madrid,6,1.21545,0.673477,1.21545,0.673477,227,26,280,14,10,3,2,0,1.783,1,0,0,3,0.5419729999999999,
,Atletico Madrid,7,0.819412,0.379757,0.819412,0.379757,308,22,239,26,4,4,0,0,1.7816,0,1,0,1,0.439655,
,Atletico Madrid,8,0.768197,0.969549,0.768197,0.226787,204,29,231,17,5,2,0,0,1.0699,0,1,0,1,0.5414100000000001,
,Atletico Madrid,9,1.54344,0.757907,0.800163,0.757907,283,30,205,18,7,12,1,1,2.0463,0,1,0,1,0.04225599999999996,
,Atletico Madrid,10,1.94897,0.328031,1.94897,0.328031,252,27,205,13,4,4,2,0,2.718,1,0,0,3,1.6209390000000001,
,Atletico Madrid,11,1.72516,0.442747,1.72516,0.442747,163,31,188,26,6,2,1,1,2.4337,0,1,0,1,1.282413,
,Atletico Madrid,12,2.45211,0.888419,1.69342,0.888419,314,32,209,33,9,3,1,1,2.5553,0,1,0,1,0.805001,
,Atletico Madrid,13,3.05161,0.379993,3.05161,0.379993,212,26,159,37,11,7,3,1,2.8911000000000002,1,0,0,3,2.6716170000000004,
,Atletico Madrid,14,2.0596,0.669993,2.0596,0.669993,186,30,230,20,10,1,1,1,2.3850000000000002,0,1,0,1,1.3896070000000003,
,Atletico Madrid,15,1.16353,1.18842,1.16353,1.18842,359,21,179,29,8,14,0,1,1.2995999999999999,0,0,1,0,-0.02489000000000008,
,Atletico Madrid,16,1.71887,1.41318,1.71887,1.41318,270,26,259,32,12,6,0,0,1.5899,0,1,0,1,0.3056899999999998,
,Atletico Madrid,17,2.5649,0.528091,2.5649,0.528091,230,31,206,22,11,4,2,0,2.6826,1,0,0,3,2.0368090000000003,
,Atletico Madrid,18,1.41727,0.922514,1.41727,0.922514,352,28,137,19,3,4,2,1,1.8303,1,0,0,3,0.4947560000000001,
,Atletico Madrid,19,1.56308,0.736284,1.56308,0.736284,264,23,182,18,7,2,2,1,2.0111999999999997,1,0,0,3,0.826796,
,Atletico Madrid,20,1.03685,1.03493,1.03685,1.03493,137,24,279,23,5,0,0,2,1.3283,0,0,1,0,0.0019200000000001438,
,Atletico Madrid,21,0.990297,0.37528,0.990297,0.37528,189,25,247,28,4,2,0,0,1.9136000000000002,0,1,0,1,0.6150169999999999,
,Atletico Madrid,22,0.454401,1.08227,0.454401,1.08227,376,31,198,32,0,5,0,1,0.7216,0,0,1,0,-0.627869,
,Atletico Madrid,23,0.92576,0.89501,0.92576,0.89501,191,30,201,37,6,3,1,0,1.342,1,0,0,3,0.030750000000000055,
,Atletico Madrid,24,1.07192,1.56219,1.07192,1.56219,309,29,163,25,6,12,2,2,0.9192,0,1,0,1,-0.49027,
,Atletico Madrid,25,2.17916,0.440221,2.17916,0.440221,447,38,198,24,10,3,3,1,2.63,1,0,0,3,1.738939,
,Atletico Madrid,26,0.761475,1.29128,0.761475,1.29128,118,24,248,26,6,3,1,1,0.829,0,1,0,1,-0.529805,
,Atletico Madrid,27,2.04826,1.61538,1.30498,0.872107,278,31,190,24,4,4,2,2,1.6751,0,1,0,1,0.43287300000000006,
,Atletico Madrid,28,1.18398,0.362873,1.18398,0.362873,258,21,238,12,7,2,1,1,2.1432,0,1,0,1,0.821107,
,Atletico Madrid,29,2.40229,0.860898,2.40229,0.860898,181,23,228,22,5,4,5,0,2.5269,1,0,0,3,1.5413919999999997,
,Atletico Madrid,30,0.768121,0.281386,0.768121,0.281386,196,31,330,17,5,0,1,0,1.7786,1,0,0,3,0.48673500000000003,
,Atletico Madrid,31,1.0251,0.748438,1.0251,0.748438,294,38,205,29,5,8,1,0,1.5829,1,0,0,3,0.27666199999999985,
,Atletico Madrid,32,1.86903,1.12577,1.12575,0.382496,123,24,401,13,7,2,2,1,2.0058999999999996,1,0,0,3,0.7432540000000001,
,Atletico Madrid,33,1.78128,1.80729,0.294725,1.06401,412,25,146,17,3,4,2,2,1.3519,0,1,0,1,-0.7692849999999999,
,Atletico Madrid,34,2.65175,0.595505,1.9086,0.595505,272,29,279,19,18,4,3,0,2.7053,1,0,0,3,1.3130950000000001,
,Atletico Madrid,35,1.0928,0.281854,1.0928,0.281854,246,23,209,27,5,2,1,1,2.2215,0,1,0,1,0.810946,
,Atletico Madrid,36,0.76357,1.1694,0.76357,1.1694,319,27,202,16,4,9,1,0,1.0024,1,0,0,3,-0.40583,
,Atletico Madrid,37,1.74341,1.13873,1.74341,1.13873,123,19,336,32,8,3,2,0,1.8821999999999999,1,0,0,3,0.6046799999999999,
,Atletico Madrid,38,1.50008,0.335651,1.50008,0.335651,333,16,236,22,6,0,1,1,2.4573,0,1,0,1,1.1644290000000002,


146,Valencia,1,2.31396,1.79528,1.57068,1.05213,366,20,189,26,7,6,1,1,1.7859999999999998,0,1,0,1,0.5185500000000001,
,Valencia,2,0.675601,2.37702,0.675601,1.63375,310,29,227,12,11,8,0,1,0.2722,0,0,1,0,-0.958149,
,Valencia,3,2.09044,1.16388,0.603888,1.16388,255,19,251,25,5,7,2,0,2.2183,1,0,0,3,-0.559992,
,Valencia,4,1.27064,2.61069,1.27064,2.61069,328,17,253,31,8,12,2,5,0.48519999999999996,0,0,1,0,-1.34005,
,Valencia,5,1.66574,1.52139,0.922459,1.52139,153,17,301,26,5,3,1,1,1.4985,0,1,0,1,-0.598931,
,Valencia,6,1.67819,2.65542,1.67819,2.65542,80,16,275,38,4,8,3,3,0.738,0,1,0,1,-0.9772299999999998,
,Valencia,7,2.10545,1.04848,2.10545,1.04848,222,20,242,26,10,6,1,0,2.1865,1,0,0,3,1.0569699999999997,
,Valencia,8,1.7079,1.4742,0.964748,1.4742,181,10,313,21,0,5,2,1,1.5607,1,0,0,3,-0.5094519999999999,
,Valencia,9,0.757907,1.54344,0.757907,0.800163,205,18,283,30,12,7,1,1,0.6678,0,1,0,1,-0.04225599999999996,
,Valencia,10,0.836057,3.08572,0.836057,3.08572,256,18,161,30,4,13,1,3,0.1568,0,0,1,0,-2.249663,
,Valencia,11,1.0283,0.46703,1.0283,0.46703,275,13,250,30,4,4,1,1,1.8797000000000001,0,1,0,1,0.5612699999999999,
,Valencia,12,1.9466,1.27932,1.20332,0.536044,164,19,256,30,5,7,2,1,1.9396,1,0,0,3,0.667276,
,Valencia,13,1.04627,0.417522,1.04627,0.417522,210,25,203,13,7,2,2,0,1.9292,1,0,0,3,0.6287480000000001,
,Valencia,14,0.910796,1.62946,0.910796,1.62946,290,20,168,32,2,12,1,2,0.8125,0,0,1,0,-0.7186639999999999,
,Valencia,15,1.58912,1.94325,1.58912,1.19997,267,18,208,36,11,6,2,1,1.1039,1,0,0,3,0.3891500000000001,
,Valencia,16,2.95856,2.12541,2.95856,1.38213,238,17,310,18,8,4,4,2,1.9757999999999998,1,0,0,3,1.5764299999999998,
,Valencia,17,2.28638,1.97126,2.28638,1.97126,365,14,236,22,2,10,1,1,1.6356,0,1,0,1,0.31511999999999984,
,Valencia,18,0.835691,0.7245,0.835691,0.7245,220,16,289,25,4,5,1,1,1.5254,0,1,0,1,0.11119099999999993,
,Valencia,19,1.10197,0.817026,1.10197,0.817026,194,18,275,32,8,4,1,0,1.5973,1,0,0,3,0.28494399999999986,
,Valencia,20,0.449368,2.18221,0.449368,2.18221,187,21,307,23,11,5,1,4,0.2593,0,0,1,0,-1.732842,
,Valencia,21,1.43787,1.15303,0.694587,1.15303,408,11,185,21,4,13,2,0,1.6371,1,0,0,3,-0.45844300000000004,
,Valencia,22,1.103,1.35798,1.103,1.35798,250,21,280,23,3,5,1,0,1.1399,1,0,0,3,-0.25498,
,Valencia,23,0.257146,3.27894,0.257146,3.27894,134,18,212,29,3,16,0,3,0.0387,0,0,1,0,-3.021794,
,Valencia,24,1.56219,1.07192,1.56219,1.07192,163,25,309,29,12,6,2,2,1.7919,0,1,0,1,0.49027,
,Valencia,25,0.25727,2.3988,0.25727,2.3988,237,23,277,39,3,5,0,3,0.1352,0,0,1,0,-2.14153,
,Valencia,26,1.05167,0.793569,1.05167,0.793569,328,24,159,24,5,7,2,1,1.5861,1,0,0,3,0.25810100000000014,
,Valencia,27,0.931772,0.938792,0.931772,0.938792,226,18,359,27,6,6,1,1,1.3505,0,1,0,1,-0.007019999999999915,
,Valencia,28,1.00063,1.45366,1.00063,0.71038,250,21,246,14,11,8,1,1,0.9260999999999999,0,1,0,1,0.2902499999999999,
,Valencia,29,0.156776,2.02374,0.156776,2.02374,314,16,277,29,1,12,0,3,0.1638,0,0,1,0,-1.866964,
,Valencia,30,1.8991,1.60978,1.8991,1.60978,195,17,362,36,2,4,2,0,1.6042999999999998,1,0,0,3,0.28932,
,Valencia,31,0.389713,0.555369,0.389713,0.555369,79,9,279,27,9,4,0,1,1.0968,0,0,1,0,-0.16565600000000003,
,Valencia,32,0.182323,2.41493,0.182323,2.41493,455,26,343,21,2,6,0,2,0.09709999999999999,0,0,1,0,-2.232607,
,Valencia,33,1.27025,0.91393,1.27025,0.91393,207,21,284,26,8,5,0,2,1.6657,0,0,1,0,0.3563200000000001,
,Valencia,34,0.851494,2.67712,0.851494,1.93385,206,22,183,32,4,10,2,2,0.2666,0,1,0,1,-1.082356,
,Valencia,35,1.14695,0.407041,1.14695,0.407041,264,20,370,21,3,1,2,1,2.1215,1,0,0,3,0.7399089999999999,
,Valencia,36,1.28008,1.2593,0.5368,0.516026,105,12,266,21,7,1,0,1,1.3178,0,0,1,0,0.02077400000000007,
,Valencia,37,1.24164,1.20165,1.24164,1.20165,239,9,262,31,4,9,1,0,1.402,1,0,0,3,0.03998999999999997,
,Valencia,38,0.301441,0.731583,0.301441,0.731583,327,12,182,22,2,10,0,1,0.8596999999999999,0,0,1,0,-0.43014199999999997,


147,Athletic Club,1,0.457129,1.03621,0.457129,1.03621,345,23,113,16,3,5,1,0,0.7887,1,0,0,3,-0.5790810000000001,
,Athletic Club,2,0.454246,0.265811,0.454246,0.265811,103,19,196,28,2,4,1,1,1.4973,0,1,0,1,0.18843499999999996,
,Athletic Club,3,1.16451,0.217717,1.16451,0.217717,318,35,149,18,5,5,2,0,2.254,1,0,0,3,0.946793,
,Athletic Club,4,1.39203,2.1905,0.648757,1.44722,140,24,179,19,3,5,0,0,0.7591,0,1,0,1,-0.7984629999999999,
,Athletic Club,5,1.9352,0.522331,1.19192,0.522331,201,22,316,30,5,1,2,0,2.523,1,0,0,3,0.6695890000000001,
,Athletic Club,6,1.29281,0.496204,0.549662,0.496204,156,31,343,23,2,4,1,1,2.1563,0,1,0,1,0.053458000000000006,
,Athletic Club,7,1.04848,2.10545,1.04848,2.10545,242,26,222,20,6,10,0,1,0.5992,0,0,1,0,-1.0569699999999997,
,Athletic Club,8,0.127135,1.91529,0.127135,1.91529,283,23,127,9,3,4,0,1,0.16160000000000002,0,0,1,0,-1.788155,
,Athletic Club,9,1.50554,0.672979,1.50554,0.672979,217,24,252,18,1,3,1,1,2.0229,0,1,0,1,0.8325610000000001,
,Athletic Club,10,0.328031,1.94897,0.328031,1.94897,205,13,252,27,4,4,0,2,0.1719,0,0,1,0,-1.6209390000000001,
,Athletic Club,11,0.410171,0.561641,0.410171,0.561641,257,26,195,41,4,3,3,0,1.0924,1,0,0,3,-0.15146999999999994,
,Athletic Club,12,1.31553,1.01674,1.31553,1.01674,240,22,165,20,3,10,0,0,1.6259000000000001,0,1,0,1,0.2987900000000001,
,Athletic Club,13,1.79133,0.873861,1.79133,0.873861,176,28,220,17,7,5,2,1,2.0455,1,0,0,3,0.9174690000000001,
,Athletic Club,14,1.21625,1.27092,1.21625,1.27092,218,31,150,27,1,4,2,1,1.3273,1,0,0,3,-0.054669999999999996,
,Athletic Club,15,1.82466,0.233324,1.08138,0.233324,157,27,242,25,1,2,2,0,2.6874,1,0,0,3,0.848056,
,Athletic Club,16,0.985449,1.98458,0.242299,1.98458,226,25,203,17,1,4,2,3,0.5665,0,0,1,0,-1.742281,
,Athletic Club,17,0.358952,0.276155,0.358952,0.276155,110,15,205,27,1,2,0,0,1.3064,0,1,0,1,0.08279700000000001,
,Athletic Club,18,0.415201,2.95373,0.415201,2.95373,372,23,184,18,0,12,0,0,0.10949999999999999,0,1,0,1,-2.538529,
,Athletic Club,19,0.237728,1.07523,0.237728,1.07523,323,30,174,19,1,5,1,1,0.4941,0,1,0,1,-0.837502,
,Athletic Club,20,3.43632,0.716642,2.69317,0.716642,164,29,289,15,10,7,1,1,2.8415,0,1,0,1,1.9765279999999998,
,Athletic Club,21,0.660786,0.552668,0.660786,0.552668,188,20,187,18,6,7,1,1,1.4092000000000002,0,1,0,1,0.10811799999999994,
,Athletic Club,22,0.734487,2.25172,0.734487,1.50845,64,11,318,26,6,3,0,2,0.34830000000000005,0,0,1,0,-0.7739630000000001,
,Athletic Club,23,0.643736,2.27376,0.643736,2.27376,290,40,133,34,1,13,1,2,0.28600000000000003,0,0,1,0,-1.6300239999999997,
,Athletic Club,24,0.763109,0.836206,0.763109,0.836206,130,22,314,20,8,3,0,1,1.1798000000000002,0,0,1,0,-0.07309699999999997,
,Athletic Club,25,0.593519,1.84055,0.593519,1.09727,158,13,215,21,3,3,1,2,0.38270000000000004,0,0,1,0,-0.503751,
,Athletic Club,26,2.72308,0.879429,1.16845,0.879429,235,41,131,23,3,4,1,0,2.6219,1,0,0,3,0.289021,
,Athletic Club,27,1.59457,2.03703,1.59457,2.03703,251,32,167,20,1,3,4,1,1.0564,1,0,0,3,-0.4424600000000001,
,Athletic Club,28,0.362873,1.18398,0.362873,1.18398,238,12,258,21,2,7,1,1,0.567,0,1,0,1,-0.821107,
,Athletic Club,29,1.72308,1.83348,0.979805,1.0902,115,14,198,25,0,4,2,2,1.2543,0,1,0,1,-0.11039500000000002,
,Athletic Club,30,2.24762,2.13638,2.24762,1.3931,271,26,179,14,6,6,1,0,1.437,1,0,0,3,0.85452,
,Athletic Club,31,0.649841,1.8377,0.649841,1.8377,400,23,129,23,3,13,0,1,0.4514,0,0,1,0,-1.187859,
,Athletic Club,32,2.76806,1.16492,2.02479,0.421642,268,20,251,21,6,2,3,1,2.5424,1,0,0,3,1.6031479999999998,
,Athletic Club,33,0.91393,1.27025,0.91393,1.27025,284,26,207,21,5,8,2,0,1.0135,1,0,0,3,-0.3563200000000001,
,Athletic Club,34,0.240102,2.90047,0.240102,2.1572,300,24,242,26,2,6,0,1,0.0505,0,0,1,0,-1.917098,
,Athletic Club,35,1.6153,1.80682,1.6153,1.80682,313,24,135,14,1,8,1,2,1.2354,0,0,1,0,-0.19152000000000013,
,Athletic Club,36,0.979209,1.10257,0.979209,1.10257,271,27,187,20,1,2,2,1,1.0901,1,0,0,3,-0.12336100000000005,
,Athletic Club,37,0.62086,1.84675,0.62086,1.84675,164,29,347,26,5,8,0,2,0.47250000000000003,0,0,1,0,-1.22589,
,Athletic Club,38,0.564731,2.33033,0.564731,2.33033,140,16,327,22,0,6,0,4,0.2259,0,0,1,0,-1.765599,


148,Barcelona,1,1.03621,0.457129,1.03621,0.457129,113,16,345,23,5,3,0,1,1.8714,0,0,1,0,0.5790810000000001,
,Barcelona,2,2.85088,0.145785,2.85088,0.145785,229,46,358,17,23,0,5,2,2.8905,1,0,0,3,2.705095,
,Barcelona,3,0.360967,1.7305,0.360967,0.987222,82,20,396,33,2,5,2,2,0.3039,0,1,0,1,-0.626255,
,Barcelona,4,2.61069,1.27064,2.61069,1.27064,253,31,328,17,12,8,5,2,2.3251,1,0,0,3,1.34005,
,Barcelona,5,0.557709,1.87283,0.557709,1.12955,116,22,383,26,10,2,0,2,0.2592,0,0,1,0,-0.571841,
,Barcelona,6,0.643865,0.54607,0.643865,0.54607,302,22,348,27,15,4,2,1,1.3981,1,0,0,3,0.09779499999999997,
,Barcelona,7,1.3084,1.0808,1.3084,1.0808,113,20,271,34,3,7,2,0,1.5469,1,0,0,3,0.22760000000000002,
,Barcelona,8,2.40324,3.03653,2.40324,3.03653,242,23,343,30,5,8,4,0,1.0003,1,0,0,3,-0.6332900000000001,
,Barcelona,9,1.72534,0.212797,1.72534,0.212797,231,18,373,23,10,4,3,0,2.6128,1,0,0,3,1.5125430000000002,
,Barcelona,10,3.77856,1.2024,3.77856,1.2024,242,23,337,26,12,2,5,1,2.7704,1,0,0,3,2.5761600000000002,
,Barcelona,11,2.13479,0.927053,1.39152,0.927053,150,22,367,15,8,3,1,3,2.3851,0,0,1,0,0.4644670000000001,
,Barcelona,12,1.49638,0.317045,0.753104,0.317045,259,23,366,20,7,0,4,1,2.4507,1,0,0,3,0.436059,
,Barcelona,13,1.68235,0.484105,1.68235,0.484105,82,19,329,26,4,1,2,1,2.3725,1,0,0,3,1.198245,
,Barcelona,14,1.18842,1.16353,1.18842,1.16353,179,29,359,21,14,8,1,0,1.4051999999999998,1,0,0,3,0.02489000000000008,
,Barcelona,15,4.28236,1.0224,4.28236,1.0224,208,36,344,17,42,2,5,2,2.8565,1,0,0,3,3.2599599999999995,
,Barcelona,16,1.18314,2.87892,1.18314,2.13564,333,26,285,21,9,9,2,2,0.35050000000000003,0,1,0,1,-0.9524999999999999,
,Barcelona,17,0.72288,0.844042,0.72288,0.844042,275,17,386,35,11,7,0,0,1.2364,0,1,0,1,-0.12116199999999999,
,Barcelona,18,1.43229,0.432162,0.689009,0.432162,186,28,461,21,12,0,4,1,2.3007,1,0,0,3,0.256847,
,Barcelona,19,2.3097,0.730874,2.3097,0.730874,149,18,432,29,10,1,2,2,2.4762999999999997,0,1,0,1,1.5788259999999998,
,Barcelona,20,1.43259,0.187953,1.43259,0.187953,98,28,542,24,16,0,1,0,2.4142,1,0,0,3,1.244637,
,Barcelona,21,1.15303,1.43787,1.15303,0.694587,185,21,408,11,13,4,0,2,1.0605,0,0,1,0,0.45844300000000004,
,Barcelona,22,3.38735,1.21881,3.38735,1.21881,229,22,416,17,20,2,2,1,2.5949999999999998,1,0,0,3,2.16854,
,Barcelona,23,1.85454,1.05905,1.85454,0.315769,165,21,464,45,13,4,3,2,2.0302,1,0,0,3,1.538771,
,Barcelona,24,1.87978,1.18616,1.87978,1.18616,75,14,458,59,5,3,2,1,1.8814999999999997,1,0,0,3,0.6936199999999999,
,Barcelona,25,4.66065,0.477994,4.66065,0.477994,148,21,433,41,13,0,5,0,2.9739,1,0,0,3,4.182656000000001,
,Barcelona,26,1.52303,1.0617,1.52303,1.0617,255,23,380,27,12,14,0,2,1.709,0,0,1,0,0.46133,
,Barcelona,27,2.2099,0.550322,1.46662,0.550322,267,29,288,19,11,6,1,0,2.5631,1,0,0,3,0.9162980000000001,
,Barcelona,28,2.69892,0.648782,2.69892,0.648782,185,22,442,21,19,2,4,0,2.6649999999999996,1,0,0,3,2.0501380000000005,
,Barcelona,29,1.53086,0.85627,0.787579,0.85627,138,27,548,24,4,5,2,0,1.976,1,0,0,3,-0.06869099999999995,
,Barcelona,30,0.741303,0.824926,0.741303,0.824926,240,16,345,14,6,0,0,0,1.1918000000000002,0,1,0,1,-0.083623,
,Barcelona,31,1.8377,0.649841,1.8377,0.649841,129,23,400,23,13,3,1,0,2.3303000000000003,1,0,0,3,1.187859,
,Barcelona,32,2.13485,1.93802,2.13485,1.93802,152,30,350,22,8,8,2,2,1.5098,0,1,0,1,0.19683000000000006,
,Barcelona,33,1.80729,1.78128,1.06401,0.294725,146,17,412,25,4,3,2,2,1.3327,0,1,0,1,0.7692849999999999,
,Barcelona,34,2.75294,0.961984,2.75294,0.961984,227,22,526,18,22,8,4,1,2.5289,1,0,0,3,1.7909560000000002,
,Barcelona,35,0.897655,0.830636,0.897655,0.830636,146,13,399,14,10,2,1,0,1.4066,1,0,0,3,0.06701899999999994,
,Barcelona,36,1.02109,0.849569,1.02109,0.849569,218,29,447,21,10,1,1,0,1.4892999999999998,1,0,0,3,0.17152100000000003,
,Barcelona,37,1.14981,0.672683,1.14981,0.672683,94,16,336,12,16,3,1,2,1.7126,0,0,1,0,0.47712699999999997,
,Barcelona,38,3.62799,0.274487,3.62799,0.274487,214,32,454,26,11,4,5,0,2.9552,1,0,0,3,3.353503,


150,Real Madrid,1,1.99723,1.51166,1.99723,1.51166,324,23,216,19,8,5,3,1,1.7477,1,0,0,3,0.48557000000000006,
,Real Madrid,2,1.72798,1.22209,1.72798,1.22209,193,25,341,18,13,2,1,1,1.7207,0,1,0,1,0.5058900000000002,
,Real Madrid,3,1.76659,2.13825,1.76659,2.13825,265,31,348,19,7,4,2,2,1.0699,0,1,0,1,-0.3716600000000001,
,Real Madrid,4,3.3111,1.81125,3.3111,1.81125,188,31,368,15,17,3,3,2,2.3041,1,0,0,3,1.4998500000000001,
,Real Madrid,5,1.23916,0.394624,1.23916,0.394624,303,29,232,26,9,1,1,0,2.1748,1,0,0,3,0.8445360000000001,
,Real Madrid,6,1.98715,0.11469,1.98715,0.11469,239,32,289,35,4,5,2,0,2.8131,1,0,0,3,1.87246,
,Real Madrid,7,0.379757,0.819412,0.379757,0.819412,239,26,308,22,4,4,0,0,0.8356999999999999,0,1,0,1,-0.439655,
,Real Madrid,8,2.7833,1.6065,2.7833,0.863224,166,20,276,30,6,3,4,2,2.1954,1,0,0,3,1.9200760000000001,
,Real Madrid,9,0.808026,0.245649,0.808026,0.245649,162,31,306,22,8,1,0,1,1.8508,0,0,1,0,0.562377,
,Real Madrid,10,5.60648,0.240435,4.12006,0.240435,226,30,346,13,24,2,5,0,2.9978000000000002,1,0,0,3,3.8796249999999994,
,Real Madrid,11,2.81646,0.437853,2.81646,0.437853,224,25,288,14,9,3,0,0,2.8029,0,1,0,1,2.378607,
,Real Madrid,12,2.84489,0.88387,1.35834,0.88387,183,9,371,31,10,5,4,0,2.6845,1,0,0,3,0.47447000000000006,
,Real Madrid,13,1.69928,1.41126,1.69928,1.41126,283,28,269,23,9,4,3,1,1.5895000000000001,1,0,0,3,0.28801999999999994,
,Real Madrid,14,2.08673,1.10771,2.08673,0.36443,190,25,371,21,9,2,2,1,2.2316,1,0,0,3,1.7223000000000002,
,Real Madrid,15,2.55366,0.286726,2.55366,0.286726,181,19,274,25,8,3,2,0,2.8122000000000003,1,0,0,3,2.266934,
,Real Madrid,16,1.97126,2.28638,1.97126,2.28638,236,22,365,14,10,2,1,1,1.1058,0,1,0,1,-0.31511999999999984,
,Real Madrid,17,0.844042,0.72288,0.844042,0.72288,386,35,275,17,7,11,0,0,1.4092000000000002,0,1,0,1,0.12116199999999999,
,Real Madrid,18,2.95373,0.415201,2.95373,0.415201,184,18,372,23,12,0,0,0,2.8281,0,1,0,1,2.538529,
,Real Madrid,19,2.09016,1.26627,2.09016,1.26627,110,16,255,31,3,3,3,0,1.987,1,0,0,3,0.82389,
,Real Madrid,20,1.37156,0.373928,1.37156,0.373928,319,35,288,19,7,3,2,1,2.2525,1,0,0,3,0.9976319999999999,
,Real Madrid,21,0.5486,0.190691,0.5486,0.190691,207,35,326,18,3,4,1,0,1.6404,1,0,0,3,0.357909,
,Real Madrid,22,1.08227,0.454401,1.08227,0.454401,198,32,376,31,5,0,1,0,1.9405000000000001,1,0,0,3,0.627869,
,Real Madrid,23,2.74949,0.68297,2.74949,0.68297,232,28,326,37,7,5,4,1,2.6327000000000003,1,0,0,3,2.06652,
,Real Madrid,24,1.90404,1.17019,1.16076,1.17019,190,32,288,21,22,3,2,2,1.9857,0,1,0,1,-0.00943000000000005,
,Real Madrid,25,1.90806,0.70752,1.90806,0.70752,191,20,305,28,14,6,0,1,2.2967,0,0,1,0,1.2005400000000002,
,Real Madrid,26,1.0617,1.52303,1.0617,1.52303,380,27,255,23,14,12,2,0,1.0181,1,0,0,3,-0.46133,
,Real Madrid,27,1.39172,1.33577,0.64844,1.33577,184,23,329,17,6,5,1,2,1.3867,0,0,1,0,-0.6873299999999999,
,Real Madrid,28,1.27218,0.434682,1.27218,0.434682,216,20,379,37,5,2,3,1,2.2918,1,0,0,3,0.8374980000000001,
,Real Madrid,29,2.02374,0.156776,2.02374,0.156776,277,29,314,16,12,1,3,0,2.7192,1,0,0,3,1.866964,
,Real Madrid,30,1.30503,0.482127,0.561749,0.482127,320,25,325,29,4,1,2,1,2.1774,1,0,0,3,0.07962200000000008,
,Real Madrid,31,1.3538,0.573505,1.3538,0.573505,203,26,336,23,8,0,2,0,2.0335,1,0,0,3,0.7802949999999998,
,Real Madrid,32,2.41536,1.00521,2.41536,1.00521,189,24,371,25,5,4,1,0,2.4564,1,0,0,3,1.4101500000000002,
,Real Madrid,33,1.75594,0.35097,1.01267,0.35097,94,22,361,45,3,1,1,0,2.5671,1,0,0,3,0.6617,
,Real Madrid,34,2.90047,0.240102,2.1572,0.240102,242,26,300,24,6,2,1,0,2.9173,1,0,0,3,1.917098,
,Real Madrid,35,2.35582,1.31041,1.61255,1.31041,163,13,483,34,14,3,2,0,2.1512,1,0,0,3,0.30213999999999985,
,Real Madrid,36,0.527843,0.930144,0.527843,0.930144,176,22,344,26,3,4,2,1,0.9392,1,0,0,3,-0.402301,
,Real Madrid,37,1.69772,1.14058,0.954572,1.14058,298,25,348,26,8,1,2,1,1.8228000000000002,1,0,0,3,-0.18600799999999995,
,Real Madrid,38,1.06489,1.16055,1.06489,1.16055,171,17,401,26,11,7,2,2,1.2968,0,1,0,1,-0.09566000000000008,


151,Levante,1,0.859231,0.68416,0.859231,0.68416,113,23,263,20,3,3,0,1,1.4713,0,0,1,0,0.17507099999999998,
,Levante,2,2.07744,2.82602,0.591143,2.82602,257,26,198,18,2,9,2,1,0.9146000000000001,1,0,0,3,-2.234877,
,Levante,3,2.77857,1.02789,2.77857,1.02789,185,21,167,19,8,7,2,0,2.6117,1,0,0,3,1.7506800000000002,
,Levante,4,1.81125,3.3111,1.81125,3.3111,368,15,188,31,3,17,2,3,0.5353,0,0,1,0,-1.4998500000000001,
,Levante,5,1.613,1.12755,1.613,1.12755,119,12,235,19,9,2,0,0,1.7383,0,1,0,1,0.48544999999999994,
,Levante,6,1.93984,2.73836,1.93984,2.73836,284,12,232,22,6,14,1,3,0.8318,0,0,1,0,-0.7985200000000001,
,Levante,7,1.55287,0.758419,1.55287,0.758419,197,23,175,23,8,6,1,1,2.0987999999999998,0,1,0,1,0.794451,
,Levante,8,1.08538,3.28469,0.342101,2.48489,258,12,171,26,4,7,2,1,0.1633,1,0,0,3,-2.142789,
,Levante,9,0.459674,2.58436,0.459674,2.58436,239,18,155,32,2,8,0,1,0.1776,0,0,1,0,-2.124686,
,Levante,10,0.331551,0.928166,0.331551,0.928166,186,20,212,36,1,1,0,1,0.7242,0,0,1,0,-0.5966150000000001,
,Levante,11,2.03092,1.71528,2.03092,1.71528,297,27,137,23,7,12,2,1,1.5802999999999998,1,0,0,3,0.31564000000000014,
,Levante,12,0.927053,2.13479,0.927053,1.39152,367,15,150,22,3,8,3,1,0.4306,1,0,0,3,-0.4644670000000001,
,Levante,13,0.873861,1.79133,0.873861,1.79133,220,17,176,28,5,7,1,2,0.7087,0,0,1,0,-0.9174690000000001,
,Levante,14,1.83517,1.41139,1.83517,1.41139,239,20,236,18,6,9,2,1,1.7406000000000001,1,0,0,3,0.42378000000000005,
,Levante,15,0.476355,2.05726,0.476355,1.31411,81,14,280,42,2,5,0,4,0.2691,0,0,1,0,-0.8377549999999999,
,Levante,16,2.12541,2.95856,1.38213,2.95856,310,18,238,17,4,8,2,4,0.8097,0,0,1,0,-1.5764299999999998,
,Levante,17,0.917727,1.21053,0.917727,1.21053,123,21,182,26,8,4,2,1,1.1251,1,0,0,3,-0.29280300000000015,
,Levante,18,2.68998,1.4501,2.68998,1.4501,220,17,210,30,8,7,3,1,2.2903,1,0,0,3,1.2398799999999999,
,Levante,19,0.736284,1.56308,0.736284,1.56308,182,18,264,23,2,7,1,2,0.7265999999999999,0,0,1,0,-0.826796,
,Levante,20,1.16982,1.73657,1.16982,1.73657,169,26,222,32,7,7,0,1,0.9583999999999999,0,0,1,0,-0.5667499999999999,
,Levante,21,0.601469,1.94107,0.601469,1.1978,207,29,152,37,3,2,0,2,0.38039999999999996,0,0,1,0,-0.5963309999999999,
,Levante,22,1.21881,3.38735,1.21881,3.38735,416,17,229,22,2,20,1,2,0.2853,0,0,1,0,-2.16854,
,Levante,23,0.933595,1.18902,0.933595,1.18902,220,23,236,29,4,2,2,0,1.1118,1,0,0,3,-0.255425,
,Levante,24,1.24428,0.835883,1.24428,0.835883,197,18,203,27,3,6,1,2,1.7515,0,0,1,0,0.408397,
,Levante,25,0.70752,1.90806,0.70752,1.90806,305,28,191,20,6,14,1,0,0.4952,1,0,0,3,-1.2005400000000002,
,Levante,26,0.60028,3.07099,0.60028,2.32772,108,17,228,34,2,10,0,3,0.13369999999999999,0,0,1,0,-1.7274399999999996,
,Levante,27,1.06858,1.22846,1.06858,1.22846,163,18,196,25,10,5,1,1,1.1864,0,1,0,1,-0.15988000000000002,
,Levante,28,1.45366,1.00063,0.71038,1.00063,246,14,250,21,8,11,1,1,1.7610000000000001,0,1,0,1,-0.2902499999999999,
,Levante,29,0.807331,1.06949,0.807331,1.06949,351,27,231,23,5,1,1,1,1.0691,0,1,0,1,-0.26215900000000003,
,Levante,30,2.56766,0.491778,2.56766,0.491778,168,13,249,27,4,3,3,1,2.7198,1,0,0,3,2.075882,
,Levante,31,0.748438,1.0251,0.748438,1.0251,205,29,294,38,8,5,0,1,1.0795,0,0,1,0,-0.27666199999999985,
,Levante,32,1.6905,1.51929,1.6905,1.51929,289,13,177,23,5,11,4,2,1.5408,1,0,0,3,0.17120999999999986,
,Levante,33,0.206917,1.37071,0.206917,0.627435,193,16,261,16,6,11,0,0,0.28400000000000003,0,1,0,1,-0.42051799999999995,
,Levante,34,1.19147,1.06365,1.19147,1.06365,271,27,243,18,1,2,1,1,1.4879,0,1,0,1,0.12782000000000004,
,Levante,35,1.008,1.48983,1.008,1.48983,180,34,231,23,4,4,0,2,0.9438,0,0,1,0,-0.48183,
,Levante,36,1.10257,0.979209,1.10257,0.979209,187,20,271,27,2,1,1,2,1.5413000000000001,0,0,1,0,0.12336100000000005,
,Levante,37,1.39618,1.64845,1.39618,1.64845,227,25,180,34,3,9,3,2,1.1747999999999998,1,0,0,3,-0.25227,
,Levante,38,2.58924,1.73078,2.58924,0.885053,105,17,238,33,3,8,1,0,2.0264,1,0,0,3,1.7041870000000001,


152,Celta Vigo,1,1.51166,1.99723,1.51166,1.99723,216,19,324,23,5,8,1,3,0.9904999999999999,0,0,1,0,-0.48557000000000006,
,Celta Vigo,2,2.37702,0.675601,1.63375,0.675601,227,12,310,29,8,11,1,0,2.593,1,0,0,3,0.958149,
,Celta Vigo,3,0.454026,1.50787,0.454026,1.50787,283,19,190,33,2,10,1,1,0.5286,0,1,0,1,-1.053844,
,Celta Vigo,4,0.233721,1.1436,0.233721,1.1436,209,15,169,26,2,2,0,2,0.45020000000000004,0,0,1,0,-0.9098789999999999,
,Celta Vigo,5,0.582564,1.71994,0.582564,1.71994,215,12,247,27,3,10,0,0,0.4754,0,1,0,1,-1.1373760000000002,
,Celta Vigo,6,1.1247,1.50653,1.1247,1.50653,235,27,380,25,9,7,1,1,1.0423,0,1,0,1,-0.3818299999999999,
,Celta Vigo,7,0.826593,1.02791,0.0833155,1.02791,116,24,287,26,4,8,0,2,1.0823,0,0,1,0,-0.9445945000000001,
,Celta Vigo,8,1.91529,0.127135,1.91529,0.127135,127,9,283,23,4,3,1,0,2.7121999999999997,1,0,0,3,1.788155,
,Celta Vigo,9,1.1334,2.08309,1.1334,2.08309,169,18,352,36,7,8,0,2,0.6786,0,0,1,0,-0.9496899999999999,
,Celta Vigo,10,0.846315,0.967791,0.846315,0.967791,232,21,142,15,1,4,0,1,1.2127999999999999,0,0,1,0,-0.12147599999999992,
,Celta Vigo,11,1.59702,1.11761,0.853745,1.11761,156,25,272,19,9,0,1,2,1.7577,0,0,1,0,-0.263865,
,Celta Vigo,12,0.133684,0.389551,0.133684,0.389551,93,12,234,32,3,5,0,1,0.8704,0,0,1,0,-0.25586699999999996,
,Celta Vigo,13,0.317045,1.49638,0.317045,0.753104,366,20,259,23,0,7,1,4,0.345,0,0,1,0,-0.436059,
,Celta Vigo,14,1.75554,1.20262,1.75554,1.20262,328,20,223,35,7,7,3,1,1.87,1,0,0,3,0.5529200000000001,
,Celta Vigo,15,1.43181,0.263566,1.43181,0.263566,194,19,284,30,9,2,0,0,2.3681000000000005,0,1,0,1,1.168244,
,Celta Vigo,16,0.47817,0.971054,0.47817,0.971054,100,18,327,24,2,6,2,3,0.8451,0,0,1,0,-0.492884,
,Celta Vigo,17,2.18849,1.51622,1.44521,0.772945,103,22,246,32,4,0,2,2,1.8823,0,1,0,1,0.6722650000000001,
,Celta Vigo,18,1.4501,2.68998,1.4501,2.68998,210,30,220,17,7,8,1,3,0.5206,0,0,1,0,-1.2398799999999999,
,Celta Vigo,19,1.91143,0.76674,1.91143,0.76674,145,22,295,33,6,6,1,1,2.2233,0,1,0,1,1.14469,
,Celta Vigo,20,0.716642,3.43632,0.716642,2.69317,289,15,164,29,7,10,1,1,0.10250000000000001,0,1,0,1,-1.9765279999999998,
,Celta Vigo,21,1.03102,0.223406,1.03102,0.223406,116,17,334,31,7,1,0,0,2.143,0,1,0,1,0.807614,
,Celta Vigo,22,1.35798,1.103,1.35798,1.103,280,23,250,21,5,3,0,1,1.5667999999999997,0,0,1,0,0.25498,
,Celta Vigo,23,1.38338,1.13918,1.38338,1.13918,307,33,220,28,9,5,2,1,1.5457,1,0,0,3,0.24419999999999997,
,Celta Vigo,24,1.17019,1.90404,1.17019,1.16076,288,21,190,32,3,22,2,2,0.7584000000000001,0,1,0,1,0.00943000000000005,
,Celta Vigo,25,0.128175,0.371163,0.128175,0.371163,186,18,201,35,1,7,1,0,0.8853000000000001,1,0,0,3,-0.242988,
,Celta Vigo,26,0.27654,0.918043,0.27654,0.918043,133,25,268,20,3,2,0,0,0.6751,0,1,0,1,-0.641503,
,Celta Vigo,27,0.156144,1.15002,0.156144,1.15002,177,19,185,36,1,4,0,0,0.4197,0,1,0,1,-0.993876,
,Celta Vigo,28,0.129638,1.61991,0.129638,1.61991,306,20,217,32,3,10,0,1,0.2141,0,0,1,0,-1.490272,
,Celta Vigo,29,1.0575,0.436127,0.314226,0.436127,153,18,276,28,6,1,0,0,2.068,0,1,0,1,-0.12190099999999998,
,Celta Vigo,30,2.82117,0.168445,1.33461,0.168445,105,27,406,21,7,2,6,0,2.9272,1,0,0,3,1.1661650000000001,
,Celta Vigo,31,0.848154,0.628775,0.104876,0.628775,268,24,175,28,0,6,1,0,1.6568,1,0,0,3,-0.523899,
,Celta Vigo,32,1.93802,2.13485,1.93802,2.13485,350,22,152,30,8,8,2,2,1.2416,0,1,0,1,-0.19683000000000006,
,Celta Vigo,33,1.55871,1.6815,0.815433,0.938224,232,23,321,22,13,1,1,5,1.2762,0,0,1,0,-0.12279099999999998,
,Celta Vigo,34,0.238909,0.636627,0.238909,0.636627,206,24,174,25,6,3,1,1,0.8298,0,1,0,1,-0.397718,
,Celta Vigo,35,0.281854,1.0928,0.281854,1.0928,209,27,246,23,2,5,1,1,0.49319999999999997,0,1,0,1,-0.810946,
,Celta Vigo,36,0.985972,1.2561,0.985972,1.2561,183,17,195,26,4,9,1,2,1.1296,0,0,1,0,-0.27012800000000003,
,Celta Vigo,37,1.64845,1.39618,1.64845,1.39618,180,34,227,25,9,3,2,3,1.5384,0,0,1,0,0.25227,
,Celta Vigo,38,0.444157,0.362807,0.444157,0.362807,243,26,239,24,2,1,0,0,1.3382999999999998,0,1,0,1,0.08135000000000003,


153,Real Betis,1,1.24003,0.736026,1.24003,0.736026,262,11,244,30,3,2,1,2,1.8217999999999999,0,0,1,0,0.504004,
,Real Betis,2,0.145785,2.85088,0.145785,2.85088,358,17,229,46,0,23,2,5,0.063,0,0,1,0,-2.705095,
,Real Betis,3,2.52444,1.44559,2.52444,1.44559,85,21,269,18,16,5,2,1,2.138,1,0,0,3,1.0788499999999999,
,Real Betis,4,1.00209,1.49492,0.258813,0.751644,80,13,240,39,1,8,1,1,0.8828,0,1,0,1,-0.49283099999999996,
,Real Betis,5,0.334273,2.20072,0.334273,2.20072,205,11,241,31,3,4,0,0,0.19069999999999998,0,1,0,1,-1.866447,
,Real Betis,6,2.73836,1.93984,2.73836,1.93984,232,22,284,12,14,6,3,1,1.9511,1,0,0,3,0.7985200000000001,
,Real Betis,7,0.667105,2.95644,0.667105,2.21316,213,19,286,29,7,5,1,5,0.1716,0,0,1,0,-1.546055,
,Real Betis,8,1.74382,1.18435,1.74382,0.441072,127,11,264,36,7,1,1,1,1.8283,0,1,0,1,1.3027479999999998,
,Real Betis,9,0.63684,1.32948,0.63684,1.32948,219,20,220,33,5,11,1,3,0.7596,0,0,1,0,-0.69264,
,Real Betis,10,0.683829,1.61831,0.683829,1.61831,164,11,373,18,5,5,0,1,0.6164,0,0,1,0,-0.9344809999999999,
,Real Betis,11,1.11761,1.59702,1.11761,0.853745,272,19,156,25,0,9,2,1,0.9621,1,0,0,3,0.263865,
,Real Betis,12,0.437853,2.81646,0.437853,2.81646,288,14,224,25,3,9,0,0,0.1269,0,1,0,1,-2.378607,
,Real Betis,13,1.56474,0.993088,1.56474,0.993088,205,20,255,26,5,2,1,2,1.8611,0,0,1,0,0.571652,
,Real Betis,14,1.62946,0.910796,1.62946,0.910796,168,32,290,20,12,2,2,1,1.9174,1,0,0,3,0.7186639999999999,
,Real Betis,15,2.27656,2.37108,1.53328,1.6278,195,21,287,28,6,10,2,1,1.3076999999999999,1,0,0,3,-0.09451999999999994,
,Real Betis,16,1.98458,0.985449,1.98458,0.242299,203,17,226,25,4,1,3,2,2.1976,1,0,0,3,1.742281,
,Real Betis,17,0.502557,1.58859,0.502557,1.58859,123,15,228,43,4,3,2,2,0.4354,0,1,0,1,-1.086033,
,Real Betis,18,0.922514,1.41727,0.922514,1.41727,137,19,352,28,4,3,1,2,0.8853,0,0,1,0,-0.4947560000000001,
,Real Betis,19,2.02653,0.304027,1.28338,0.304027,102,18,312,37,7,1,1,1,2.7097,0,1,0,1,0.9793529999999999,
,Real Betis,20,2.26225,0.281591,2.26225,0.281591,303,27,225,26,9,8,3,0,2.7288,1,0,0,3,1.980659,
,Real Betis,21,1.33797,1.45193,1.33797,0.708651,67,9,229,22,4,4,0,1,1.2098,0,0,1,0,0.6293190000000001,
,Real Betis,22,0.959112,2.28348,0.959112,1.5402,105,24,312,36,11,5,1,1,0.4416,0,1,0,1,-0.581088,
,Real Betis,23,1.05905,1.85454,0.315769,1.85454,464,45,165,21,4,13,2,3,0.7039,0,0,1,0,-1.538771,
,Real Betis,24,0.487887,0.563219,0.487887,0.563219,95,28,383,30,3,2,0,0,1.2066,0,1,0,1,-0.07533200000000001,
,Real Betis,25,3.09931,0.913546,1.61288,0.913546,141,20,342,21,13,5,3,3,2.7223,0,1,0,1,0.6993340000000001,
,Real Betis,26,0.793569,1.05167,0.793569,1.05167,159,24,328,24,7,5,1,2,1.0854000000000001,0,0,1,0,-0.25810100000000014,
,Real Betis,27,1.33577,1.39172,1.33577,0.64844,329,17,184,23,5,6,2,1,1.2928,1,0,0,3,0.6873299999999999,
,Real Betis,28,0.481345,2.11983,0.481345,1.37668,208,26,307,25,6,8,0,2,0.24270000000000003,0,0,1,0,-0.8953349999999999,
,Real Betis,29,1.49004,1.03374,0.746888,1.03374,63,18,413,19,6,3,2,2,1.7096,0,1,0,1,-0.2868520000000001,
,Real Betis,30,2.13638,2.24762,1.3931,2.24762,179,14,271,26,6,6,0,1,1.3064999999999998,0,0,1,0,-0.85452,
,Real Betis,31,1.07378,1.12604,1.07378,1.12604,123,26,265,20,5,2,1,0,1.232,1,0,0,3,-0.05225999999999997,
,Real Betis,32,1.51929,1.6905,1.51929,1.6905,177,23,289,13,11,5,2,4,1.1694,0,0,1,0,-0.17120999999999986,
,Real Betis,33,0.400169,2.91561,0.400169,2.17233,395,21,279,32,4,6,0,2,0.09559999999999999,0,0,1,0,-1.772161,
,Real Betis,34,0.636627,0.238909,0.636627,0.238909,174,25,206,24,3,6,1,1,1.7061,0,1,0,1,0.397718,
,Real Betis,35,2.12533,0.407994,2.12533,0.407994,171,23,253,30,5,4,3,0,2.6233,1,0,0,3,1.717336,
,Real Betis,36,1.1694,0.76357,1.1694,0.76357,202,16,319,27,9,4,0,1,1.6813,0,0,1,0,0.40583,
,Real Betis,37,1.80332,2.31274,1.80332,2.31274,111,17,404,12,13,5,1,2,0.9904999999999999,0,0,1,0,-0.5094199999999998,
,Real Betis,38,0.548953,0.915131,0.548953,0.915131,150,16,353,20,6,9,0,2,0.9624,0,0,1,0,-0.366178,


154,Villarreal,1,1.93202,1.96668,1.18874,1.2234,194,23,295,23,6,2,4,4,1.3313000000000001,0,1,0,1,-0.034660000000000135,
,Villarreal,2,2.82602,2.07744,2.82602,0.591143,198,18,257,26,9,2,1,2,1.8518,0,0,1,0,2.234877,
,Villarreal,3,2.13825,1.76659,2.13825,1.76659,348,19,265,31,4,7,2,2,1.6623999999999999,0,1,0,1,0.3716600000000001,
,Villarreal,4,1.83013,0.399916,1.83013,0.399916,229,21,288,16,5,6,3,0,2.5524,1,0,0,3,1.430214,
,Villarreal,5,2.03561,0.434119,1.29233,0.434119,195,39,292,18,6,1,2,0,2.6033,1,0,0,3,0.8582110000000001,
,Villarreal,6,0.54607,0.643865,0.54607,0.643865,348,27,302,22,4,15,1,2,1.1797,0,0,1,0,-0.09779499999999997,
,Villarreal,7,2.95644,0.667105,2.21316,0.667105,286,29,213,19,5,7,5,1,2.7459000000000002,1,0,0,3,1.546055,
,Villarreal,8,2.52105,1.13814,2.52105,1.13814,217,15,242,18,5,10,1,2,2.3505999999999996,0,0,1,0,1.3829099999999999,
,Villarreal,9,1.64809,0.746222,1.64809,0.746222,188,19,217,31,3,6,1,0,2.166,1,0,0,3,0.901868,
,Villarreal,10,2.56098,0.591294,2.56098,0.591294,146,20,330,25,5,1,4,1,2.6622999999999997,1,0,0,3,1.9696859999999998,
,Villarreal,11,1.40491,2.782,1.40491,2.782,178,14,324,25,6,4,1,2,0.5,0,0,1,0,-1.37709,
,Villarreal,12,1.01674,1.31553,1.01674,1.31553,165,20,240,22,10,3,0,0,1.0751,0,1,0,1,-0.2987900000000001,
,Villarreal,13,3.04498,1.56727,2.3017,0.0807154,161,30,300,26,8,2,1,3,2.4237,0,0,1,0,2.2209846,
,Villarreal,14,1.20262,1.75554,1.20262,1.75554,223,35,328,20,7,7,1,3,0.8503000000000001,0,0,1,0,-0.5529200000000001,
,Villarreal,15,1.94325,1.58912,1.19997,1.58912,208,36,267,18,6,11,1,2,1.598,0,0,1,0,-0.3891500000000001,
,Villarreal,16,1.41318,1.71887,1.41318,1.71887,259,32,270,26,6,12,0,0,1.1504,0,1,0,1,-0.3056899999999998,
,Villarreal,17,1.62777,1.73952,1.62777,1.73952,338,11,138,25,4,12,2,1,1.3016999999999999,1,0,0,3,-0.11175000000000002,
,Villarreal,18,2.63083,0.646333,2.63083,0.646333,100,14,299,25,5,0,1,0,2.7373,1,0,0,3,1.984497,
,Villarreal,19,1.29087,1.01062,0.547717,1.01062,328,30,194,23,12,9,2,1,1.5983,1,0,0,3,-0.46290300000000006,
,Villarreal,20,2.23006,2.04252,1.48678,2.04252,123,28,304,22,8,4,1,2,1.5042,0,0,1,0,-0.5557400000000001,
,Villarreal,21,1.07139,0.975012,1.07139,0.975012,250,19,225,23,3,8,2,1,1.4369999999999998,1,0,0,3,0.09637800000000007,
,Villarreal,22,1.9166,0.915717,1.17333,0.915717,204,27,251,28,4,5,3,1,2.2292,1,0,0,3,0.257613,
,Villarreal,23,1.38092,0.646254,1.38092,0.646254,165,42,324,30,7,2,1,1,2.0772,0,1,0,1,0.7346659999999999,
,Villarreal,24,0.835883,1.24428,0.835883,1.24428,203,27,197,18,6,3,2,1,0.9526000000000001,1,0,0,3,-0.408397,
,Villarreal,25,0.440221,2.17916,0.440221,2.17916,198,24,447,38,3,10,1,3,0.24380000000000002,0,0,1,0,-1.738939,
,Villarreal,26,0.879429,2.72308,0.879429,1.16845,131,23,235,41,4,3,0,1,0.26,0,0,1,0,-0.289021,
,Villarreal,27,2.38355,1.7502,2.38355,1.00693,172,18,351,24,9,2,1,2,1.8299,0,0,1,0,1.37662,
,Villarreal,28,1.61991,0.129638,1.61991,0.129638,217,32,306,20,10,3,1,0,2.6309,1,0,0,3,1.490272,
,Villarreal,29,1.62532,1.65754,1.62532,1.65754,232,25,291,24,5,7,1,0,1.3422,1,0,0,3,-0.032219999999999915,
,Villarreal,30,0.803321,0.883633,0.803321,0.883633,234,21,267,26,4,9,1,0,1.2718,1,0,0,3,-0.08031200000000005,
,Villarreal,31,1.08857,1.2636,1.08857,1.2636,329,23,229,38,7,6,2,2,1.2049,0,1,0,1,-0.17503000000000002,
,Villarreal,32,2.41493,0.182323,2.41493,0.182323,343,21,455,26,6,2,2,0,2.8313,1,0,0,3,2.232607,
,Villarreal,33,2.91561,0.400169,2.17233,0.400169,279,32,395,21,6,4,2,0,2.8496,1,0,0,3,1.772161,
,Villarreal,34,0.961984,2.75294,0.961984,2.75294,526,18,227,22,8,22,1,4,0.3317,0,0,1,0,-1.7909560000000002,
,Villarreal,35,1.95451,0.580238,0.467957,0.580238,93,15,280,35,2,2,3,1,2.542,1,0,0,3,-0.11228100000000002,
,Villarreal,36,0.365973,1.24702,0.365973,1.24702,240,20,298,21,3,9,1,2,0.5710999999999999,0,0,1,0,-0.881047,
,Villarreal,37,1.14058,1.69772,1.14058,0.954572,348,26,298,25,1,8,1,2,0.8625,0,0,1,0,0.18600799999999995,
,Villarreal,38,3.00793,0.762647,3.00793,0.762647,140,6,496,24,6,2,4,0,2.7403000000000004,1,0,0,3,2.245283,


155,Granada,1,1.96668,1.93202,1.2234,1.18874,295,23,194,23,2,6,4,4,1.3907,0,1,0,1,0.034660000000000135,
,Granada,2,0.428332,1.39211,0.428332,1.39211,238,21,181,24,6,3,0,1,0.48840000000000006,0,0,1,0,-0.963778,
,Granada,3,1.58505,1.34324,1.58505,1.34324,354,24,142,9,4,10,3,0,1.5623,1,0,0,3,0.24181000000000008,
,Granada,4,1.1436,0.233721,1.1436,0.233721,169,26,209,15,2,2,2,0,2.2676000000000003,1,0,0,3,0.9098789999999999,
,Granada,5,1.87283,0.557709,1.12955,0.557709,383,26,116,22,2,10,2,0,2.5958999999999994,1,0,0,3,0.571841,
,Granada,6,0.650478,1.26726,0.650478,1.26726,194,26,222,22,3,2,1,1,0.7126,0,1,0,1,-0.616782,
,Granada,7,0.718298,0.989332,0.718298,0.989332,180,25,148,20,6,2,1,0,1.0867,1,0,0,3,-0.271034,
,Granada,8,1.6065,2.7833,0.863224,2.7833,276,30,166,20,3,6,2,4,0.5997,0,0,1,0,-1.9200760000000001,
,Granada,9,0.360979,0.658856,0.360979,0.658856,219,27,148,19,4,3,1,0,0.9553,1,0,0,3,-0.297877,
,Granada,10,1.61831,0.683829,1.61831,0.683829,373,18,164,11,5,5,1,0,2.144,1,0,0,3,0.9344809999999999,
,Granada,11,1.91693,1.1273,1.91693,1.1273,125,17,181,24,3,2,1,3,2.0904000000000003,0,0,1,0,0.78963,
,Granada,12,0.163677,1.02564,0.163677,1.02564,285,20,128,24,1,5,1,2,0.4847,0,0,1,0,-0.8619630000000001,
,Granada,13,0.417522,1.04627,0.417522,1.04627,203,13,210,25,2,7,0,2,0.7316,0,0,1,0,-0.6287480000000001,
,Granada,14,0.669993,2.0596,0.669993,2.0596,230,20,186,30,1,10,1,1,0.4293,0,1,0,1,-1.3896070000000003,
,Granada,15,0.233324,1.82466,0.233324,1.08138,242,25,157,27,2,1,0,2,0.19080000000000003,0,0,1,0,-0.848056,
,Granada,16,2.63161,0.37368,1.88833,0.37368,154,22,163,17,4,2,3,0,2.8297,1,0,0,3,1.51465,
,Granada,17,1.21053,0.917727,1.21053,0.917727,182,26,123,21,4,8,1,2,1.5738999999999999,0,0,1,0,0.29280300000000015,
,Granada,18,1.72232,2.55405,1.72232,2.55405,120,30,118,22,3,12,0,3,0.8536999999999999,0,0,1,0,-0.8317300000000001,
,Granada,19,1.38848,0.78276,1.38848,0.78276,228,34,161,13,7,4,1,0,1.95,1,0,0,3,0.6057199999999999,
,Granada,20,0.187953,1.43259,0.187953,1.43259,542,24,98,28,0,16,0,1,0.3532,0,0,1,0,-1.244637,
,Granada,21,0.475664,0.807577,0.475664,0.807577,298,40,189,22,1,7,0,2,0.9804999999999999,0,0,1,0,-0.331913,
,Granada,22,0.875651,2.69997,0.875651,1.9567,172,31,140,24,4,3,2,1,0.2645,1,0,0,3,-1.0810490000000001,
,Granada,23,0.89501,0.92576,0.89501,0.92576,201,37,191,30,3,6,0,1,1.2937,0,0,1,0,-0.030750000000000055,
,Granada,24,2.13521,0.638079,2.13521,0.638079,171,31,217,22,2,3,2,1,2.4837,1,0,0,3,1.497131,
,Granada,25,1.68194,0.783825,1.68194,0.783825,224,26,85,26,3,7,3,0,2.1163,1,0,0,3,0.898115,
,Granada,26,0.918043,0.27654,0.918043,0.27654,268,20,133,25,2,3,0,0,1.9554999999999998,0,1,0,1,0.641503,
,Granada,27,1.22846,1.06858,1.22846,1.06858,196,25,163,18,5,10,1,1,1.4924,0,1,0,1,0.15988000000000002,
,Granada,28,2.17942,0.786113,2.17942,0.786113,89,23,147,24,1,5,2,1,2.5455999999999994,1,0,0,3,1.393307,
,Granada,29,1.03374,1.49004,1.03374,0.746888,413,19,63,18,3,6,2,2,0.9524000000000001,0,1,0,1,0.2868520000000001,
,Granada,30,0.883633,0.803321,0.883633,0.803321,267,26,234,21,9,4,0,1,1.3594,0,0,1,0,0.08031200000000005,
,Granada,31,0.147341,1.11797,0.147341,0.374821,218,24,147,29,0,3,0,0,0.31020000000000003,0,1,0,1,-0.22748000000000002,
,Granada,32,1.49293,1.68478,1.49293,1.68478,97,13,212,26,3,5,1,2,1.2222,0,0,1,0,-0.19184999999999985,
,Granada,33,1.23821,1.01978,1.23821,1.01978,185,26,144,30,5,5,2,0,1.5404,1,0,0,3,0.21843000000000012,
,Granada,34,2.67712,0.851494,1.93385,0.851494,183,32,206,22,10,4,2,2,2.6021,0,1,0,1,1.082356,
,Granada,35,0.312385,1.18927,0.312385,1.18927,281,20,84,26,1,4,3,2,0.5866,1,0,0,3,-0.876885,
,Granada,36,0.930144,0.527843,0.930144,0.527843,344,26,176,22,4,3,1,2,1.6979,0,0,1,0,0.402301,
,Granada,37,1.09278,1.21791,1.09278,1.21791,210,30,171,18,9,3,2,1,1.2468,1,0,0,3,-0.12512999999999996,
,Granada,38,2.33033,0.564731,2.33033,0.564731,327,22,140,16,6,0,4,0,2.6562,1,0,0,3,1.765599,


156,Eibar,1,0.794158,1.68856,0.794158,1.68856,153,22,258,17,6,3,1,2,0.6798,0,0,1,0,-0.894402,
,Eibar,2,0.65217,0.856433,0.65217,0.856433,109,24,99,24,4,6,0,0,1.1032,0,1,0,1,-0.20426299999999997,
,Eibar,3,0.847966,1.8114,0.847966,1.8114,261,25,156,21,3,7,2,3,0.5316,0,0,1,0,-0.9634339999999999,
,Eibar,4,0.567742,1.64516,0.567742,1.64516,129,15,171,19,3,3,1,2,0.3604,0,0,1,0,-1.077418,
,Eibar,5,1.12755,1.613,1.12755,1.613,235,19,119,12,2,9,0,0,1.0053999999999998,0,1,0,1,-0.48544999999999994,
,Eibar,6,1.69937,1.3532,0.956094,1.3532,322,33,205,23,6,5,3,2,1.6526,1,0,0,3,-0.39710599999999996,
,Eibar,7,1.02791,0.826593,1.02791,0.0833155,287,26,116,24,8,4,2,0,1.487,1,0,0,3,0.9445945000000001,
,Eibar,8,1.18435,1.74382,0.441072,1.74382,264,36,127,11,1,7,1,1,0.8824,0,1,0,1,-1.3027479999999998,
,Eibar,9,0.212797,1.72534,0.212797,1.72534,373,23,231,18,4,10,0,3,0.2344,0,0,1,0,-1.5125430000000002,
,Eibar,10,0.395075,1.95496,0.395075,1.95496,134,22,261,18,4,2,0,2,0.1935,0,0,1,0,-1.559885,
,Eibar,11,2.782,1.40491,2.782,1.40491,324,25,178,14,4,6,2,1,2.3234,1,0,0,3,1.37709,
,Eibar,12,1.0478,1.56154,1.0478,1.56154,195,15,155,25,1,4,2,1,0.8751,1,0,0,3,-0.5137399999999999,
,Eibar,13,0.88387,2.84489,0.88387,1.35834,371,31,183,9,5,10,0,4,0.2113,0,0,1,0,-0.47447000000000006,
,Eibar,14,1.61983,1.47648,1.61983,1.47648,130,30,147,16,5,6,0,2,1.4687,0,0,1,0,0.1433500000000001,
,Eibar,15,0.605108,1.39065,0.605108,1.39065,334,33,127,17,2,8,1,4,0.6979,0,0,1,0,-0.785542,
,Eibar,16,0.267821,0.913932,0.267821,0.913932,84,24,116,20,4,2,0,1,0.6201000000000001,0,0,1,0,-0.646111,
,Eibar,17,0.276155,0.358952,0.276155,0.358952,205,27,110,15,2,1,0,0,1.1065999999999998,0,1,0,1,-0.08279700000000001,
,Eibar,18,2.55405,1.72232,2.55405,1.72232,118,22,120,30,12,3,3,0,1.9324999999999999,1,0,0,3,0.8317300000000001,
,Eibar,19,0.817026,1.10197,0.817026,1.10197,275,32,194,18,4,8,0,1,1.0807,0,0,1,0,-0.28494399999999986,
,Eibar,20,1.03493,1.03685,1.03493,1.03685,279,23,137,24,0,5,2,0,1.334,1,0,0,3,-0.0019200000000001438,
,Eibar,21,0.223406,1.03102,0.223406,1.03102,334,31,116,17,1,7,0,0,0.5317,0,1,0,1,-0.807614,
,Eibar,22,2.28348,0.959112,1.5402,0.959112,312,36,105,24,5,11,1,1,2.3868,0,1,0,1,0.581088,
,Eibar,23,0.159152,1.44414,0.159152,1.44414,133,23,238,19,4,5,1,2,0.2832,0,0,1,0,-1.284988,
,Eibar,24,0.477994,4.66065,0.477994,4.66065,433,41,148,21,0,13,0,5,0.0168,0,0,1,0,-4.182656000000001,
,Eibar,25,3.07099,0.60028,2.32772,0.60028,228,34,108,17,10,2,3,0,2.7995000000000005,1,0,0,3,1.7274399999999996,
,Eibar,26,0.9664,0.90604,0.9664,0.90604,126,32,233,11,8,1,1,2,1.3606,0,0,1,0,0.06036000000000008,
,Eibar,27,1.84648,1.30335,0.359928,0.560202,180,18,236,15,3,2,1,2,1.8946,0,0,1,0,-0.20027399999999995,
,Eibar,28,0.434682,1.27218,0.434682,1.27218,379,37,216,20,2,5,1,3,0.4549,0,0,1,0,-0.8374980000000001,
,Eibar,29,1.83348,1.72308,1.0902,0.979805,198,25,115,14,4,0,2,2,1.4412,0,1,0,1,0.11039500000000002,
,Eibar,30,0.816384,0.820376,0.816384,0.820376,105,17,77,20,3,5,1,1,1.3242,0,1,0,1,-0.0039919999999999956,
,Eibar,31,0.555369,0.389713,0.555369,0.389713,279,27,79,9,4,9,1,0,1.4373,1,0,0,3,0.16565600000000003,
,Eibar,32,1.68478,1.49293,1.68478,1.49293,212,26,97,13,5,3,2,1,1.5177,1,0,0,3,0.19184999999999985,
,Eibar,33,0.844993,0.965632,0.844993,0.965632,135,17,183,19,3,4,0,2,1.227,0,0,1,0,-0.12063900000000005,
,Eibar,34,1.16838,1.29481,1.16838,1.29481,356,36,111,17,3,4,0,1,1.242,0,0,1,0,-0.12643000000000004,
,Eibar,35,0.156567,0.398122,0.156567,0.398122,100,35,176,19,0,4,0,0,0.911,0,1,0,1,-0.24155499999999996,
,Eibar,36,2.0596,0.884621,0.412639,0.884621,331,27,78,15,1,5,2,0,2.3815,1,0,0,3,-0.471982,
,Eibar,37,2.6027,2.14787,1.85942,1.24715,162,31,172,21,3,2,3,1,1.7456,1,0,0,3,0.6122700000000001,
,Eibar,38,0.762647,3.00793,0.762647,3.00793,496,24,140,6,2,6,0,4,0.1708,0,0,1,0,-2.245283,


157,Osasuna,1,0.188265,1.26802,0.188265,1.26802,177,18,167,26,2,7,1,0,0.373,1,0,0,3,-1.079755,
,Osasuna,2,0.856433,0.65217,0.856433,0.65217,99,24,109,24,6,4,0,0,1.5364000000000002,0,1,0,1,0.20426299999999997,
,Osasuna,3,1.7305,0.360967,0.987222,0.360967,396,33,82,20,5,2,2,2,2.5305,0,1,0,1,0.626255,
,Osasuna,4,2.68375,0.790606,2.68375,0.790606,201,20,214,20,10,3,1,1,2.6676999999999995,0,1,0,1,1.893144,
,Osasuna,5,2.20072,0.334273,2.20072,0.334273,241,31,205,11,4,3,0,0,2.6990000000000003,0,1,0,1,1.866447,
,Osasuna,6,0.11469,1.98715,0.11469,1.98715,289,35,239,32,5,4,0,2,0.10500000000000001,0,0,1,0,-1.87246,
,Osasuna,7,0.758419,1.55287,0.758419,1.55287,175,23,197,23,6,8,1,1,0.6561,0,1,0,1,-0.794451,
,Osasuna,8,1.13814,2.52105,1.13814,2.52105,242,18,217,15,10,5,2,1,0.46809999999999996,1,0,0,3,-1.3829099999999999,
,Osasuna,9,0.658856,0.360979,0.658856,0.360979,148,19,219,27,3,4,0,1,1.6039,0,0,1,0,0.297877,
,Osasuna,10,3.08572,0.836057,3.08572,0.836057,161,30,256,18,13,4,3,1,2.7482,1,0,0,3,2.249663,
,Osasuna,11,0.869837,2.15631,0.869837,0.669752,181,15,231,14,4,7,2,2,0.44210000000000005,0,1,0,1,0.20008499999999996,
,Osasuna,12,3.87668,1.45796,2.39012,0.714682,132,21,212,27,8,6,4,2,2.7371999999999996,1,0,0,3,1.675438,
,Osasuna,13,0.065756,1.06639,0.065756,1.06639,135,17,125,27,2,2,0,0,0.3056,0,1,0,1,-1.000634,
,Osasuna,14,1.27092,1.21625,1.27092,1.21625,150,27,218,31,4,1,1,2,1.3645,0,0,1,0,0.054669999999999996,
,Osasuna,15,3.03712,1.55803,2.29384,0.814756,228,21,176,28,4,3,4,2,2.3934,1,0,0,3,1.4790839999999998,
,Osasuna,16,0.661362,1.46737,0.661362,1.46737,288,34,154,18,2,5,1,1,0.6923,0,1,0,1,-0.8060080000000001,
,Osasuna,17,0.528091,2.5649,0.528091,2.5649,206,22,230,31,4,11,0,2,0.2151,0,0,1,0,-2.0368090000000003,
,Osasuna,18,3.10563,2.29198,3.10563,2.29198,224,20,140,14,13,10,3,4,1.8971,0,0,1,0,0.81365,
,Osasuna,19,0.76674,1.91143,0.76674,1.91143,295,33,145,22,6,6,1,1,0.5517,0,1,0,1,-1.14469,
,Osasuna,20,1.59896,0.618269,1.59896,0.618269,159,20,218,21,10,2,0,0,2.1282,0,1,0,1,0.980691,
,Osasuna,21,1.94107,0.601469,1.1978,0.601469,152,37,207,29,2,3,2,0,2.4393,1,0,0,3,0.5963309999999999,
,Osasuna,22,0.915717,1.9166,0.915717,1.17333,251,28,204,27,5,4,1,3,0.5507,0,0,1,0,-0.257613,
,Osasuna,23,0.68297,2.74949,0.68297,2.74949,326,37,232,28,5,7,1,4,0.25579999999999997,0,0,1,0,-2.06652,
,Osasuna,24,0.836206,0.763109,0.836206,0.763109,314,20,130,22,3,8,1,0,1.4414,1,0,0,3,0.07309699999999997,
,Osasuna,25,0.783825,1.68194,0.783825,1.68194,85,26,224,26,7,3,0,3,0.6388,0,0,1,0,-0.898115,
,Osasuna,26,1.80118,1.64954,1.0579,1.64954,271,31,99,17,3,8,2,3,1.5128,0,0,1,0,-0.5916399999999999,
,Osasuna,27,2.2865,0.174034,1.54322,0.174034,144,27,147,24,6,4,1,0,2.8239,1,0,0,3,1.369186,
,Osasuna,28,1.1455,0.89714,0.402225,0.89714,420,24,146,13,4,5,1,1,1.5785,0,1,0,1,-0.49491500000000005,
,Osasuna,29,0.860898,2.40229,0.860898,2.40229,228,22,181,23,4,5,0,5,0.3306,0,0,1,0,-1.5413919999999997,
,Osasuna,30,1.60978,1.8991,1.60978,1.8991,362,36,195,17,4,2,0,2,1.1225,0,0,1,0,-0.28932,
,Osasuna,31,1.1029,0.389684,1.1029,0.389684,169,34,139,16,2,3,1,0,2.0869,1,0,0,3,0.7132160000000001,
,Osasuna,32,0.896141,1.48812,0.896141,1.48812,178,25,210,24,2,9,2,1,0.9138999999999999,1,0,0,3,-0.5919790000000001,
,Osasuna,33,0.965632,0.844993,0.965632,0.844993,183,19,135,17,4,3,2,0,1.4451,1,0,0,3,0.12063900000000005,
,Osasuna,34,0.667423,0.293418,0.667423,0.293418,135,24,144,35,3,1,0,0,1.7564,0,1,0,1,0.374005,
,Osasuna,35,0.407994,2.12533,0.407994,2.12533,253,30,171,23,4,5,0,3,0.2479,0,0,1,0,-1.717336,
,Osasuna,36,1.2561,0.985972,1.2561,0.985972,195,26,183,17,9,4,2,1,1.5636999999999999,1,0,0,3,0.27012800000000003,
,Osasuna,37,0.672683,1.14981,0.672683,1.14981,336,12,94,16,3,16,2,1,0.9643999999999999,1,0,0,3,-0.47712699999999997,
,Osasuna,38,1.00938,0.595381,1.00938,0.595381,282,42,187,26,6,4,2,2,1.722,0,1,0,1,0.4139989999999999,


158,Alaves,1,0.68416,0.859231,0.68416,0.859231,263,20,113,23,3,3,1,0,1.1599,1,0,0,3,-0.17507099999999998,
,Alaves,2,0.675919,0.159461,0.675919,0.159461,401,27,157,18,5,1,0,0,1.8239,0,1,0,1,0.5164580000000001,
,Alaves,3,1.01227,0.972134,1.01227,0.972134,186,16,134,24,3,7,1,1,1.4427,0,1,0,1,0.04013599999999995,
,Alaves,4,0.773661,1.091,0.773661,1.091,335,30,176,20,1,13,0,1,1.0984999999999998,0,0,1,0,-0.3173389999999999,
,Alaves,5,0.522331,1.9352,0.522331,1.19192,316,30,201,22,1,5,0,2,0.3024,0,0,1,0,-0.6695890000000001,
,Alaves,6,0.195935,3.80899,0.195935,2.32244,278,22,213,23,1,11,0,3,0.0177,0,0,1,0,-2.126505,
,Alaves,7,1.84115,0.16946,1.09826,0.16946,172,22,259,23,6,2,2,0,2.7487000000000004,1,0,0,3,0.9288000000000001,
,Alaves,8,1.4742,1.7079,1.4742,0.964748,313,21,181,10,5,0,1,2,1.1629,0,0,1,0,0.5094519999999999,
,Alaves,9,2.08309,1.1334,2.08309,1.1334,352,36,169,18,8,7,2,0,2.0955,1,0,0,3,0.9496899999999999,
,Alaves,10,0.591294,2.56098,0.591294,2.56098,330,25,146,20,1,5,1,4,0.2293,0,0,1,0,-1.9696859999999998,
,Alaves,11,0.442747,1.72516,0.442747,1.72516,188,26,163,31,2,6,1,1,0.3769,0,1,0,1,-1.282413,
,Alaves,12,1.45796,3.87668,0.714682,2.39012,212,27,132,21,6,8,2,4,0.18480000000000002,0,0,1,0,-1.675438,
,Alaves,13,2.8505,0.280826,2.10722,0.280826,215,27,163,21,7,2,3,0,2.9306,1,0,0,3,1.8263939999999999,
,Alaves,14,1.47648,1.61983,1.47648,1.61983,147,16,130,30,6,5,2,0,1.2653,1,0,0,3,-0.1433500000000001,
,Alaves,15,1.10771,2.08673,0.36443,2.08673,371,21,190,25,2,9,1,2,0.5146999999999999,0,0,1,0,-1.7223000000000002,
,Alaves,16,0.37368,2.63161,0.37368,1.88833,163,17,154,22,2,4,0,3,0.1051,0,0,1,0,-1.51465,
,Alaves,17,1.56275,0.915597,1.56275,0.915597,101,28,328,23,4,4,1,1,1.9415,0,1,0,1,0.6471530000000001,
,Alaves,18,0.432162,1.43229,0.432162,0.689009,461,21,186,28,0,12,1,4,0.4551,0,0,1,0,-0.256847,
,Alaves,19,0.304027,2.02653,0.304027,1.28338,312,37,102,18,1,7,1,1,0.17709999999999998,0,1,0,1,-0.9793529999999999,
,Alaves,20,1.73657,1.16982,1.73657,1.16982,222,32,169,26,7,7,1,0,1.7933,1,0,0,3,0.5667499999999999,
,Alaves,21,0.975012,1.07139,0.975012,1.07139,225,23,250,19,8,3,1,2,1.2372,0,0,1,0,-0.09637800000000007,
,Alaves,22,0.984092,1.64919,0.984092,0.90604,387,20,94,28,1,8,1,1,0.7984,0,1,0,1,0.07805200000000001,
,Alaves,23,1.44414,0.159152,1.44414,0.159152,238,19,133,23,5,4,2,1,2.5244999999999997,1,0,0,3,1.284988,
,Alaves,24,0.784895,2.04009,0.784895,1.29681,143,29,185,20,3,4,0,1,0.38070000000000004,0,0,1,0,-0.511915,
,Alaves,25,1.84055,0.593519,1.09727,0.593519,215,21,158,13,3,3,2,1,2.4377000000000004,1,0,0,3,0.503751,
,Alaves,26,0.977076,0.982157,0.977076,0.982157,166,29,97,27,1,2,1,1,1.3531,0,1,0,1,-0.005081000000000002,
,Alaves,27,0.938792,0.931772,0.938792,0.931772,359,27,226,18,6,6,1,1,1.3127,0,1,0,1,0.007019999999999915,
,Alaves,28,0.0516535,2.01521,0.0516535,2.01521,325,20,116,25,1,3,0,2,0.10149999999999999,0,0,1,0,-1.9635565000000001,
,Alaves,29,1.52088,0.318266,1.52088,0.318266,276,37,82,18,4,2,2,0,2.4368,1,0,0,3,1.202614,
,Alaves,30,0.168445,2.82117,0.168445,1.33461,406,21,105,27,2,7,0,6,0.0421,0,0,1,0,-1.1661650000000001,
,Alaves,31,0.389684,1.1029,0.389684,1.1029,139,16,169,34,3,2,0,1,0.6124,0,0,1,0,-0.7132160000000001,
,Alaves,32,1.12577,1.86903,0.382496,1.12575,401,13,123,24,2,7,1,2,0.7162,0,0,1,0,-0.7432540000000001,
,Alaves,33,1.01978,1.23821,1.01978,1.23821,144,30,185,26,5,5,0,2,1.1320999999999999,0,0,1,0,-0.21843000000000012,
,Alaves,34,0.311545,0.591015,0.311545,0.591015,247,21,194,17,1,0,0,1,0.9305,0,0,1,0,-0.27946999999999994,
,Alaves,35,1.31041,2.35582,1.31041,1.61255,483,34,163,13,3,14,0,2,0.6353,0,0,1,0,-0.30213999999999985,
,Alaves,36,0.118514,0.596646,0.118514,0.596646,101,28,117,28,2,8,0,0,0.7013,0,1,0,1,-0.478132,
,Alaves,37,2.31274,1.80332,2.31274,1.80332,404,12,111,17,5,13,2,1,1.772,1,0,0,3,0.5094199999999998,
,Alaves,38,0.274487,3.62799,0.274487,3.62799,454,26,214,32,4,11,0,5,0.0266,0,0,1,0,-3.353503,


159,Leganes,1,1.26802,0.188265,1.26802,0.188265,167,26,177,18,7,2,0,1,2.383,0,0,1,0,1.079755,
,Leganes,2,0.379878,1.39426,0.379878,1.39426,293,27,144,14,10,7,0,1,0.48329999999999995,0,0,1,0,-1.0143820000000001,
,Leganes,3,1.44559,2.52444,1.44559,2.52444,269,18,85,21,5,16,1,2,0.6577999999999999,0,0,1,0,-1.0788499999999999,
,Leganes,4,0.399916,1.83013,0.399916,1.83013,288,16,229,21,6,5,0,3,0.29190000000000005,0,0,1,0,-1.430214,
,Leganes,5,1.52139,1.66574,1.52139,0.922459,301,26,153,17,3,5,1,1,1.2285,0,1,0,1,0.598931,
,Leganes,6,0.496204,1.29281,0.496204,0.549662,343,23,156,31,4,2,1,1,0.5708,0,1,0,1,-0.053458000000000006,
,Leganes,7,0.989332,0.718298,0.989332,0.718298,148,20,180,25,2,6,0,1,1.5697,0,0,1,0,0.271034,
,Leganes,8,3.28469,1.08538,2.48489,0.342101,171,26,258,12,7,4,1,2,2.7502,0,0,1,0,2.142789,
,Leganes,9,0.372249,1.0435,0.372249,1.0435,126,22,151,36,5,1,0,2,0.6174,0,0,1,0,-0.671251,
,Leganes,10,1.7617,0.858516,1.7617,0.858516,239,28,168,18,1,3,1,0,2.1691000000000003,1,0,0,3,0.9031840000000001,
,Leganes,11,0.240435,5.60648,0.240435,4.12006,346,13,226,30,2,24,0,5,0.0011,0,0,1,0,-3.8796249999999994,
,Leganes,12,1.56154,1.0478,1.56154,1.0478,155,25,195,15,4,1,1,2,1.8197999999999999,0,0,1,0,0.5137399999999999,
,Leganes,13,0.326909,1.19357,0.326909,1.19357,288,28,92,22,1,3,1,1,0.5082,0,1,0,1,-0.866661,
,Leganes,14,0.484105,1.68235,0.484105,1.68235,329,26,82,19,1,4,1,2,0.4237,0,0,1,0,-1.198245,
,Leganes,15,1.05322,2.44081,1.05322,2.44081,361,18,183,21,5,3,0,1,0.4592,0,0,1,0,-1.3875899999999999,
,Leganes,16,0.971054,0.47817,0.971054,0.47817,327,24,100,18,6,2,3,2,1.8051,1,0,0,3,0.492884,
,Leganes,17,0.915597,1.56275,0.915597,1.56275,328,23,101,28,4,4,1,1,0.7648999999999999,0,1,0,1,-0.6471530000000001,
,Leganes,18,0.84514,0.649033,0.84514,0.649033,188,22,88,23,2,4,2,0,1.5067,1,0,0,3,0.19610700000000003,
,Leganes,19,2.14709,1.56625,2.14709,1.56625,313,26,140,30,6,6,2,2,1.8087,0,1,0,1,0.58084,
,Leganes,20,0.280841,1.96098,0.280841,1.96098,78,22,202,27,3,3,0,3,0.1817,0,0,1,0,-1.680139,
,Leganes,21,0.37528,0.990297,0.37528,0.990297,247,28,189,25,2,4,0,0,0.7352000000000001,0,1,0,1,-0.6150169999999999,
,Leganes,22,1.42,0.108866,1.42,0.108866,262,36,144,26,8,1,2,1,2.5458000000000003,1,0,0,3,1.311134,
,Leganes,23,1.18902,0.933595,1.18902,0.933595,236,29,220,23,2,4,0,2,1.581,0,0,1,0,0.255425,
,Leganes,24,0.563219,0.487887,0.563219,0.487887,383,30,95,28,2,3,0,0,1.3479,0,1,0,1,0.07533200000000001,
,Leganes,25,0.371163,0.128175,0.371163,0.128175,201,35,186,18,7,1,0,1,1.4811,0,0,1,0,0.242988,
,Leganes,26,0.982157,0.977076,0.982157,0.977076,97,27,166,29,2,1,1,1,1.3198,0,1,0,1,0.005081000000000002,
,Leganes,27,1.7502,2.38355,1.00693,2.38355,351,24,172,18,2,9,2,1,0.8942000000000001,1,0,0,3,-1.37662,
,Leganes,28,1.13073,1.23093,0.387455,1.23093,90,33,269,25,4,1,1,2,1.2207999999999999,0,0,1,0,-0.8434750000000001,
,Leganes,29,0.85627,1.53086,0.85627,0.787579,548,24,138,27,5,4,0,2,0.7439,0,0,1,0,0.06869099999999995,
,Leganes,30,1.08784,0.478364,1.08784,0.478364,132,20,238,18,3,3,1,1,1.9087,0,1,0,1,0.6094759999999999,
,Leganes,31,1.11797,0.147341,0.374821,0.147341,147,29,218,24,3,0,0,0,2.4615,0,1,0,1,0.22748000000000002,
,Leganes,32,1.48812,0.896141,1.48812,0.896141,210,24,178,25,9,2,1,2,1.8066999999999998,0,0,1,0,0.5919790000000001,
,Leganes,33,0.756658,0.710464,0.756658,0.710464,334,33,227,23,2,3,0,3,1.3843,0,0,1,0,0.04619400000000007,
,Leganes,34,0.423597,0.705114,0.423597,0.705114,369,26,167,32,3,2,1,0,0.9511999999999999,1,0,0,3,-0.281517,
,Leganes,35,0.398122,0.156567,0.398122,0.156567,176,19,100,35,4,0,0,0,1.4813,0,1,0,1,0.24155499999999996,
,Leganes,36,1.2593,1.28008,0.516026,0.5368,266,21,105,12,1,7,1,0,1.3226,1,0,0,3,-0.02077400000000007,
,Leganes,37,1.84675,0.62086,1.84675,0.62086,347,26,164,29,8,5,2,0,2.3307,1,0,0,3,1.22589,
,Leganes,38,1.16055,1.06489,1.16055,1.06489,401,26,171,17,7,11,2,2,1.4015,0,1,0,1,0.09566000000000008,


231,Real Valladolid,1,0.736026,1.24003,0.736026,1.24003,244,30,262,11,2,3,2,1,0.8815999999999999,1,0,0,3,-0.504004,
,Real Valladolid,2,1.22209,1.72798,1.22209,1.72798,341,18,193,25,2,13,1,1,1.0106,0,1,0,1,-0.5058900000000002,
,Real Valladolid,3,1.02789,2.77857,1.02789,2.77857,167,19,185,21,7,8,0,2,0.2657,0,0,1,0,-1.7506800000000002,
,Real Valladolid,4,0.790606,2.68375,0.790606,2.68375,214,20,201,20,3,10,1,1,0.2215,0,1,0,1,-1.893144,
,Real Valladolid,5,0.434119,2.03561,0.434119,1.29233,292,18,195,39,1,6,0,2,0.2531,0,0,1,0,-0.8582110000000001,
,Real Valladolid,6,1.26726,0.650478,1.26726,0.650478,222,22,194,26,2,3,1,1,1.9579,0,1,0,1,0.616782,
,Real Valladolid,7,2.13178,0.947178,1.38863,0.947178,269,20,176,30,6,9,2,0,2.2879,1,0,0,3,0.44145200000000007,
,Real Valladolid,8,0.969549,0.768197,0.226787,0.768197,231,17,204,29,2,5,0,0,1.5313,0,1,0,1,-0.5414100000000001,
,Real Valladolid,9,0.672979,1.50554,0.672979,1.50554,252,18,217,24,3,1,1,1,0.7131000000000001,0,1,0,1,-0.8325610000000001,
,Real Valladolid,10,1.95496,0.395075,1.95496,0.395075,261,18,134,22,2,4,2,0,2.691,1,0,0,3,1.559885,
,Real Valladolid,11,1.2024,3.77856,1.2024,3.77856,337,26,242,23,2,12,1,5,0.1547,0,0,1,0,-2.5761600000000002,
,Real Valladolid,12,1.96371,0.590538,1.22043,0.590538,203,27,195,27,6,6,3,0,2.4547999999999996,1,0,0,3,0.6298919999999999,
,Real Valladolid,13,0.280826,2.8505,0.280826,2.10722,163,21,215,27,2,7,0,3,0.0395,0,0,1,0,-1.8263939999999999,
,Real Valladolid,14,0.363545,1.11673,0.363545,0.373453,264,34,197,25,4,7,0,1,0.5142,0,0,1,0,-0.009907999999999972,
,Real Valladolid,15,0.263566,1.43181,0.263566,1.43181,284,30,194,19,2,9,0,0,0.3974,0,1,0,1,-1.168244,
,Real Valladolid,16,0.509978,1.87222,0.509978,1.87222,327,25,136,32,1,12,0,0,0.3756,0,1,0,1,-1.362242,
,Real Valladolid,17,0.435816,1.88065,0.435816,1.88065,136,18,227,38,1,9,0,2,0.3208,0,0,1,0,-1.444834,
,Real Valladolid,18,0.7245,0.835691,0.7245,0.835691,289,25,220,16,5,4,1,1,1.0979,0,1,0,1,-0.11119099999999993,
,Real Valladolid,19,1.56625,2.14709,1.56625,2.14709,140,30,313,26,6,6,2,2,0.9284999999999999,0,1,0,1,-0.58084,
,Real Valladolid,20,0.618269,1.59896,0.618269,1.59896,218,21,159,20,2,10,0,0,0.6273,0,1,0,1,-0.980691,
,Real Valladolid,21,0.190691,0.5486,0.190691,0.5486,326,18,207,35,4,3,0,1,0.8445,0,0,1,0,-0.357909,
,Real Valladolid,22,1.09282,0.550096,1.09282,0.550096,248,22,181,20,4,2,1,0,1.8906999999999998,1,0,0,3,0.5427239999999999,
,Real Valladolid,23,0.646254,1.38092,0.646254,1.38092,324,30,165,42,2,7,1,1,0.6444,0,1,0,1,-0.7346659999999999,
,Real Valladolid,24,0.638079,2.13521,0.638079,2.13521,217,22,171,31,3,2,1,2,0.3528,0,0,1,0,-1.497131,
,Real Valladolid,25,1.14839,1.26303,1.14839,0.519748,108,8,220,20,3,1,2,1,1.1861,1,0,0,3,0.628642,
,Real Valladolid,26,0.86626,2.56307,0.86626,2.56307,244,15,188,27,0,10,0,1,0.30479999999999996,0,0,1,0,-1.6968100000000002,
,Real Valladolid,27,2.03703,1.59457,2.03703,1.59457,167,20,251,32,3,1,1,4,1.6905999999999999,0,0,1,0,0.4424600000000001,
,Real Valladolid,28,1.23093,1.13073,1.23093,0.387455,269,25,90,33,1,4,2,1,1.4278,1,0,0,3,0.8434750000000001,
,Real Valladolid,29,0.436127,1.0575,0.436127,0.314226,276,28,153,18,1,6,0,0,0.6271,0,1,0,1,0.12190099999999998,
,Real Valladolid,30,0.281386,0.768121,0.281386,0.768121,330,17,196,31,0,5,0,1,0.7964,0,0,1,0,-0.48673500000000003,
,Real Valladolid,31,1.08861,0.675045,0.345592,0.675045,137,12,112,21,2,5,1,1,1.8251,0,1,0,1,-0.329453,
,Real Valladolid,32,0.583726,1.59745,0.583726,0.854169,391,22,110,21,1,7,1,1,0.5094000000000001,0,1,0,1,-0.270443,
,Real Valladolid,33,1.37071,0.206917,0.627435,0.206917,261,16,193,16,11,6,0,0,2.5268,0,1,0,1,0.42051799999999995,
,Real Valladolid,34,0.591015,0.311545,0.591015,0.311545,194,17,247,21,0,1,1,0,1.6034,1,0,0,3,0.27946999999999994,
,Real Valladolid,35,0.407041,1.14695,0.407041,1.14695,370,21,264,20,1,3,1,2,0.5897,0,0,1,0,-0.7399089999999999,
,Real Valladolid,36,0.849569,1.02109,0.849569,1.02109,447,21,218,29,1,10,0,1,1.1818,0,0,1,0,-0.17152100000000003,
,Real Valladolid,37,2.14787,2.6027,1.24715,1.85942,172,21,162,31,2,3,1,3,0.9821,0,0,1,0,-0.6122700000000001,
,Real Valladolid,38,0.915131,0.548953,0.915131,0.548953,353,20,150,16,9,6,2,0,1.6749,1,0,0,3,0.366178,


239,Mallorca,1,1.68856,0.794158,1.68856,0.794158,258,17,153,22,3,6,2,1,2.076,1,0,0,3,0.894402,
,Mallorca,2,0.871995,1.59382,0.871995,1.59382,351,21,139,17,6,7,0,1,0.7412000000000001,0,0,1,0,-0.721825,
,Mallorca,3,1.16388,2.09044,1.16388,0.603888,251,25,255,19,7,5,0,2,0.5479,0,0,1,0,0.559992,
,Mallorca,4,2.1905,1.39203,1.44722,0.648757,179,19,140,24,5,3,0,0,1.9909000000000001,0,1,0,1,0.7984629999999999,
,Mallorca,5,0.726341,2.70951,0.726341,1.96624,93,18,137,20,1,13,2,4,0.20370000000000002,0,0,1,0,-1.2398989999999999,
,Mallorca,6,0.673477,1.21545,0.673477,1.21545,280,14,227,26,3,10,0,2,0.9072999999999999,0,0,1,0,-0.5419729999999999,
,Mallorca,7,0.16946,1.84115,0.16946,1.09826,259,23,172,22,2,6,0,2,0.1462,0,0,1,0,-0.9288000000000001,
,Mallorca,8,1.02963,0.731578,1.02963,0.731578,402,21,190,28,1,5,2,0,1.669,1,0,0,3,0.2980520000000001,
,Mallorca,9,0.245649,0.808026,0.245649,0.808026,306,22,162,31,1,8,1,0,0.736,1,0,0,3,-0.562377,
,Mallorca,10,0.858516,1.7617,0.858516,1.7617,168,18,239,28,3,1,0,1,0.5869,0,0,1,0,-0.9031840000000001,
,Mallorca,11,2.15631,0.869837,0.669752,0.869837,231,14,181,15,7,4,2,2,2.3777000000000004,0,1,0,1,-0.20008499999999996,
,Mallorca,12,0.590538,1.96371,0.590538,1.22043,195,27,203,27,6,6,0,3,0.374,0,0,1,0,-0.6298919999999999,
,Mallorca,13,1.56727,3.04498,0.0807154,2.3017,300,26,161,30,2,8,3,1,0.40170000000000006,1,0,0,3,-2.2209846,
,Mallorca,14,1.41139,1.83517,1.41139,1.83517,236,18,239,20,9,6,1,2,0.9921,0,0,1,0,-0.42378000000000005,
,Mallorca,15,2.37108,2.27656,1.6278,1.53328,287,28,195,21,10,6,1,2,1.4403,0,0,1,0,0.09451999999999994,
,Mallorca,16,1.0224,4.28236,1.0224,4.28236,344,17,208,36,2,42,2,5,0.0956,0,0,1,0,-3.2599599999999995,
,Mallorca,17,1.51622,2.18849,0.772945,1.44521,246,32,103,22,0,4,2,2,0.8560000000000001,0,1,0,1,-0.6722650000000001,
,Mallorca,18,0.788281,1.80841,0.788281,1.06514,296,41,139,24,5,7,0,2,0.5305,0,0,1,0,-0.27685899999999997,
,Mallorca,19,0.78276,1.38848,0.78276,1.38848,161,13,228,34,4,7,0,1,0.7811999999999999,0,0,1,0,-0.6057199999999999,
,Mallorca,20,2.18221,0.449368,2.18221,0.449368,307,23,187,21,5,11,4,1,2.6071,1,0,0,3,1.732842,
,Mallorca,21,0.885045,2.6866,0.885045,2.6866,391,21,157,32,2,9,0,3,0.2776,0,0,1,0,-1.801555,
,Mallorca,22,0.550096,1.09282,0.550096,1.09282,181,20,248,22,2,4,0,1,0.8077,0,0,1,0,-0.5427239999999999,
,Mallorca,23,0.669911,1.81523,0.669911,1.81523,160,21,279,44,2,6,0,1,0.5036,0,0,1,0,-1.1453189999999998,
,Mallorca,24,2.04009,0.784895,1.29681,0.784895,185,20,143,29,4,3,1,0,2.4381,1,0,0,3,0.511915,
,Mallorca,25,0.913546,3.09931,0.913546,1.61288,342,21,141,20,5,13,3,3,0.18969999999999998,0,1,0,1,-0.6993340000000001,
,Mallorca,26,0.0726554,0.913015,0.0726554,0.913015,134,21,191,44,1,2,0,1,0.43729999999999997,0,0,1,0,-0.8403596,
,Mallorca,27,0.90604,0.9664,0.90604,0.9664,233,11,126,32,1,8,2,1,1.303,1,0,0,3,-0.06036000000000008,
,Mallorca,28,0.648782,2.69892,0.648782,2.69892,442,21,185,22,2,19,0,4,0.2296,0,0,1,0,-2.0501380000000005,
,Mallorca,29,1.65754,1.62532,1.65754,1.62532,291,24,232,25,7,5,0,1,1.3371,0,0,1,0,0.032219999999999915,
,Mallorca,30,0.478364,1.08784,0.478364,1.08784,238,18,132,20,3,3,1,1,0.7666,0,1,0,1,-0.6094759999999999,
,Mallorca,31,0.573505,1.3538,0.573505,1.3538,336,23,203,26,0,8,0,2,0.6916,0,0,1,0,-0.7802949999999998,
,Mallorca,32,1.16492,2.76806,0.421642,2.02479,251,21,268,20,2,6,1,3,0.31489999999999996,0,0,1,0,-1.6031479999999998,
,Mallorca,33,1.6815,1.55871,0.938224,0.815433,321,22,232,23,1,13,5,1,1.4151,1,0,0,3,0.12279099999999998,
,Mallorca,34,0.595505,2.65175,0.595505,1.9086,279,19,272,29,4,18,0,3,0.1961,0,0,1,0,-1.3130950000000001,
,Mallorca,35,1.48983,1.008,1.48983,1.008,231,23,180,34,4,4,2,0,1.7781,1,0,0,3,0.48183,
,Mallorca,36,0.309223,1.91225,0.309223,1.16897,327,19,186,29,2,8,0,2,0.222,0,0,1,0,-0.859747,
,Mallorca,37,1.21791,1.09278,1.21791,1.09278,171,18,210,30,3,9,1,2,1.4535,0,0,1,0,0.12512999999999996,
,Mallorca,38,0.595381,1.00938,0.595381,1.00938,187,26,282,42,4,6,2,2,0.9339,0,1,0,1,-0.4139989999999999,


